Motif_Pair,Distance_bp,Stress_Genes_With_Dist,Background_Genes_With_Dist,Odds_Ratio,Fisher_P_Value,Chi2_P_Value,Significant_Enrichment
ACGT_ACGT,0,11,1917,0.7146,0.345624032918914,0.341043055213897,NO
ACGT_ACGT,1,17,993,2.2825,0.00282711659433221,0.00167082970672585,YES
ACGT_ACGT,2,13,1330,1.2593,0.423189530563764,0.519817780666425,NO
ACGT_ACGT,3,11,1102,1.2846,0.383202608227921,0.527221660458913,NO
ACGT_ACGT,4,15,1255,1.5606,0.10077466314706,0.133416293372037,NO
ACGT_ACGT,5,8,991,1.0277,0.854399024071248,1,NO
ACGT_ACGT,6,8,1275,0.7898,0.626234326800924,0.62334741851982,NO
ACGT_ACGT,7,16,1546,1.3426,0.236676655798547,0.325985647146746,NO
ACGT_ACGT,8,8,1589,0.6258,0.238936481145513,0.245368766175437,NO
ACGT_ACGT,9,7,1091,0.8095,0.726218961191765,0.708685734058522,NO
ACGT_ACGT,10,6,986,0.7671,0.711280244416028,0.648468827527951,NO
ACGT_ACGT,11,9,1174,0.9738,1,1,NO
ACGT_ACGT,12,9,941,1.2262,0.569346009612497,0.682788280461433,NO
ACGT_ACGT,13,5,1093,0.5714,0.289897074907041,0.282696566022864,NO
ACGT_ACGT,14,8,1105,0.9175,1,0.949070030388145,NO
ACGT_ACGT,15,10,1154,1.1072,0.731692667447989,0.886597235535062,NO
ACGT_ACGT,16,14,1150,1.588,0.120741176729569,0.132223318850215,NO
ACGT_ACGT,17,16,1173,1.7962,0.039905179460644,0.0358208101505755,YES
ACGT_ACGT,18,11,1197,1.1781,0.612962733831216,0.718899644502244,NO
ACGT_ACGT,19,5,1851,0.3273,0.00578333495632951,0.0140221464545804,NO
ACGT_ACGT,20,10,1193,1.0694,0.738393672830972,0.969417014263929,NO
ACGT_ACGT,21,12,1102,1.4085,0.224444928982835,0.328479351366049,NO
ACGT_ACGT,22,6,1140,0.6595,0.39124245826659,0.402121915463888,NO
ACGT_ACGT,23,5,1062,0.5888,0.288206385605445,0.315758654056375,NO
ACGT_ACGT,24,9,1175,0.9729,1,1,NO
ACGT_ACGT,25,7,1112,0.7936,0.727093479495953,0.669282773951331,NO
ACGT_ACGT,26,12,1369,1.1218,0.637556082869544,0.819703529314604,NO
ACGT_ACGT,27,9,1170,0.9773,1,1,NO
ACGT_ACGT,28,8,1066,0.9526,1,1,NO
ACGT_ACGT,29,5,1160,0.537,0.229205090043405,0.221584063727061,NO
ACGT_ACGT,30,11,1293,1.0865,0.745987395968712,0.916113781366922,NO
ACGT_AAAG,0,6,1481,0.6056,0.256087517146358,0.286964168127344,NO
ACGT_AAAG,1,13,2304,0.8474,0.692157981387033,0.650536280871603,NO
ACGT_AAAG,2,15,2452,0.9216,0.898160028506555,0.856713172868516,NO
ACGT_AAAG,3,18,2252,1.2204,0.422964468386515,0.491747751018693,NO
ACGT_AAAG,4,13,2194,0.8919,0.788186983466763,0.787913346412537,NO
ACGT_AAAG,5,17,2022,1.2857,0.324628316448202,0.385115769027971,NO
ACGT_AAAG,6,18,2198,1.2518,0.345056650295332,0.429039448525625,NO
ACGT_AAAG,7,22,2145,1.5893,0.0409477708326647,0.0484311016031172,YES
ACGT_AAAG,8,21,2130,1.5234,0.0741035074224044,0.0824627031692299,NO
ACGT_AAAG,9,22,2238,1.5204,0.0617847601030126,0.0764507108607325,NO
ACGT_AAAG,10,17,2259,1.1453,0.593810589140437,0.681216792444072,NO
ACGT_AAAG,11,13,2309,0.8454,0.692332732739347,0.644664191846717,NO
ACGT_AAAG,12,15,2386,0.9484,1,0.943620931165871,NO
ACGT_AAAG,13,16,2230,1.0892,0.688411615111385,0.842291570447202,NO
ACGT_AAAG,14,17,2169,1.195,0.496543848606446,0.562749191355956,NO
ACGT_AAAG,15,14,2328,0.9055,0.89541518271308,0.816619357866825,NO
ACGT_AAAG,16,17,2531,1.0165,0.899798485324126,1,NO
ACGT_AAAG,17,12,2463,0.7271,0.369828088084365,0.337678800365319,NO
ACGT_AAAG,18,12,2247,0.8005,0.592519926147742,0.533028331341546,NO
ACGT_AAAG,19,12,2400,0.7471,0.367551629530933,0.387737362601654,NO
ACGT_AAAG,20,23,2240,1.593,0.0439708602272451,0.0422119726100659,YES
ACGT_AAAG,21,15,2230,1.018,0.893590770841824,1,NO
ACGT_AAAG,22,17,2256,1.1469,0.593560031624724,0.677193638783733,NO
ACGT_AAAG,23,18,2262,1.2148,0.424136707639029,0.503705329353674,NO
ACGT_AAAG,24,13,2402,0.8112,0.604254797548089,0.541671836753021,NO
ACGT_AAAG,25,18,2337,1.174,0.511974643479927,0.596263331133796,NO
ACGT_AAAG,26,10,2367,0.6279,0.191043972013693,0.183545615469274,NO
ACGT_AAAG,27,13,2295,0.8508,0.691897739764,0.66119039753418,NO
ACGT_AAAG,28,10,2374,0.6259,0.153989075614854,0.18024659053804,NO
ACGT_AAAG,29,16,2157,1.1277,0.587295316108766,0.73969854948672,NO
ACGT_AAAG,30,17,2148,1.2072,0.414587456836065,0.53595696699343,NO
AAAG_AAAG,0,95,18175,1.0393,0.696726959230227,0.76763410501959,NO
AAAG_AAAG,1,112,18534,1.2293,0.0466148890072483,0.049721380944831,YES
AAAG_AAAG,2,103,20120,1.0152,0.872833089434725,0.929210441473062,NO
AAAG_AAAG,3,77,17444,0.8596,0.232983902471904,0.229619718712228,NO
AAAG_AAAG,4,84,16500,1.0085,0.907533810580163,0.98823151003318,NO
AAAG_AAAG,5,78,15684,0.9825,0.952570031910227,0.929820411507259,NO
AAAG_AAAG,6,89,15443,1.159,0.188095228427005,0.212556277946911,NO
AAAG_AAAG,7,73,14483,0.9973,1,1,NO
AAAG_AAAG,8,93,14997,1.2585,0.0451189175228163,0.0436999330411833,YES
AAAG_AAAG,9,84,14164,1.195,0.13504911725551,0.139815265935844,NO
AAAG_AAAG,10,69,13858,0.984,0.949924068464806,0.948346915117669,NO
AAAG_AAAG,11,75,14139,1.0552,0.662753638953804,0.704893444811625,NO
AAAG_AAAG,12,73,13492,1.0782,0.524929160317898,0.584141668869616,NO
AAAG_AAAG,13,54,13009,0.8081,0.136946140911157,0.14843657857834,NO
AAAG_AAAG,14,62,13721,0.885,0.41142389798506,0.39120235462472,NO
AAAG_AAAG,15,73,13473,1.0799,0.524477224167409,0.575584801532426,NO
AAAG_AAAG,16,78,13660,1.1448,0.255051694251626,0.286224560521827,NO
AAAG_AAAG,17,80,14555,1.098,0.424231836152493,0.466507645820654,NO
AAAG_AAAG,18,71,13985,1.0053,0.950098107480851,1,NO
AAAG_AAAG,19,77,13703,1.1246,0.343175033598363,0.361741187248357,NO
AAAG_AAAG,20,64,14013,0.8952,0.452664309103444,0.433005647488905,NO
AAAG_AAAG,21,63,13449,0.9206,0.566740724576738,0.572606312083353,NO
AAAG_AAAG,22,57,13212,0.8422,0.222808308152669,0.236977470369691,NO
AAAG_AAAG,23,73,13560,1.0723,0.567805237433848,0.615148214796587,NO
AAAG_AAAG,24,88,13235,1.3567,0.0101522426366649,0.00851900090925213,YES
AAAG_AAAG,25,61,13614,0.877,0.374682345371379,0.358413594248128,NO
AAAG_AAAG,26,67,14256,0.9235,0.576641008597299,0.576036415555772,NO
AAAG_AAAG,27,80,13676,1.176,0.18403934824537,0.191178907510538,NO
AAAG_AAAG,28,72,12983,1.1076,0.400264033288612,0.447692990966102,NO
AAAG_AAAG,29,71,13038,1.0857,0.518081227697488,0.55274930002961,NO
AAAG_AAAG,30,53,12968,0.7947,0.119568207239702,0.121291866723103,NO
AAAG_ACGT,0,19,1961,1.5166,0.0848127637692351,0.103752968479701,NO
AAAG_ACGT,1,12,2033,0.9036,0.887833748128865,0.838566472336927,NO
AAAG_ACGT,2,11,2780,0.5952,0.0897367099661945,0.112329993831287,NO
AAAG_ACGT,3,22,2622,1.3084,0.213195170756684,0.273496051298393,NO
AAAG_ACGT,4,17,2666,0.9787,1,1,NO
AAAG_ACGT,5,12,2464,0.7393,0.368282653567498,0.367470256560256,NO
AAAG_ACGT,6,24,2742,1.3701,0.142555259697057,0.171692559729267,NO
AAAG_ACGT,7,20,2642,1.1729,0.456683298775609,0.570887788527545,NO
AAAG_ACGT,8,19,2417,1.2196,0.36578810221902,0.477384330174907,NO
AAAG_ACGT,9,16,2344,1.0511,0.792671463427579,0.950050335726351,NO
AAAG_ACGT,10,17,2460,1.0649,0.796691825439777,0.901577347435093,NO
AAAG_ACGT,11,16,2348,1.0492,0.792956265946865,0.955496120695974,NO
AAAG_ACGT,12,16,2341,1.0525,0.792463476636744,0.945961706179082,NO
AAAG_ACGT,13,18,2476,1.1232,0.60795748620857,0.725655475575704,NO
AAAG_ACGT,14,16,2296,1.074,0.789939391671218,0.884260235813114,NO
AAAG_ACGT,15,18,2384,1.1687,0.513363408247357,0.608538540604661,NO
AAAG_ACGT,16,13,2427,0.8161,0.603831216698635,0.555911346936899,NO
AAAG_ACGT,17,19,2281,1.2958,0.28496355631929,0.335018693466238,NO
AAAG_ACGT,18,17,2527,1.0353,0.898790182940117,0.990156832963913,NO
AAAG_ACGT,19,20,2393,1.3012,0.241679173263464,0.311445594919826,NO
AAAG_ACGT,20,23,2376,1.5214,0.0660377639111757,0.0687282992279966,NO
AAAG_ACGT,21,20,2412,1.2905,0.245082076775224,0.328760846509303,NO
AAAG_ACGT,22,11,2402,0.694,0.296625539002702,0.286278202308151,NO
AAAG_ACGT,23,14,2359,0.9081,0.895403048495819,0.82475672734888,NO
AAAG_ACGT,24,13,2374,0.8352,0.602584184238492,0.613127238529841,NO
AAAG_ACGT,25,24,2390,1.5826,0.0366465033610802,0.0404263399075518,YES
AAAG_ACGT,26,22,2436,1.4135,0.120943105020291,0.148893583421595,NO
AAAG_ACGT,27,16,2489,0.987,1,1,NO
AAAG_ACGT,28,15,2475,0.9281,0.898148787389646,0.877521463932489,NO
AAAG_ACGT,29,12,2352,0.7762,0.509974080657816,0.464594875414285,NO
AAAG_ACGT,30,17,2553,1.0242,0.899373333811171,1,NO
