Species,Motif_Pair,Distance_bp,Stress_Genes_With_Dist,Background_Genes_With_Dist,Odds_Ratio,Fisher_P_Value,Significant_Enrichment
chickpea,ACGT_ACGT,0,1,211,1.0659,1,NO
chickpea,ACGT_ACGT,1,2,72,7.3704,0.0408596935214,YES
chickpea,ACGT_ACGT,2,1,154,1.4974,0.510362061419277,NO
chickpea,ACGT_ACGT,3,0,90,0,1,NO
chickpea,ACGT_ACGT,4,1,70,3.4143,0.274835285024543,NO
chickpea,ACGT_ACGT,5,0,119,0,1,NO
chickpea,ACGT_ACGT,6,1,226,0.9885,1,NO
chickpea,ACGT_ACGT,7,0,126,0,1,NO
chickpea,ACGT_ACGT,8,0,101,0,1,NO
chickpea,ACGT_ACGT,9,1,135,1.7222,0.46421461298192,NO
chickpea,ACGT_ACGT,10,0,84,0,1,NO
chickpea,ACGT_ACGT,11,1,273,0.8011,1,NO
chickpea,ACGT_ACGT,12,1,115,2.0391,0.411397241926683,NO
chickpea,ACGT_ACGT,13,0,126,0,1,NO
chickpea,ACGT_ACGT,14,0,113,0,1,NO
chickpea,ACGT_ACGT,15,1,291,0.7454,1,NO
chickpea,ACGT_ACGT,16,0,105,0,1,NO
chickpea,ACGT_ACGT,17,3,138,6.3098,0.0213956567705752,YES
chickpea,ACGT_ACGT,18,0,114,0,1,NO
chickpea,ACGT_ACGT,19,0,153,0,1,NO
chickpea,ACGT_ACGT,20,0,115,0,1,NO
chickpea,ACGT_ACGT,21,1,218,1.0284,1,NO
chickpea,ACGT_ACGT,22,0,173,0,1,NO
chickpea,ACGT_ACGT,23,0,94,0,1,NO
chickpea,ACGT_ACGT,24,0,146,0,1,NO
chickpea,ACGT_ACGT,25,1,133,1.7496,0.459133917669082,NO
chickpea,ACGT_ACGT,26,0,127,0,1,NO
chickpea,ACGT_ACGT,27,1,141,1.6447,0.479197486719771,NO
chickpea,ACGT_ACGT,28,1,150,1.54,0.500958543534442,NO
chickpea,ACGT_ACGT,29,1,103,2.2883,0.377478037801889,NO
chickpea,ACGT_ACGT,30,4,194,6.6745,0.00842406752599679,YES
chickpea,ACGT_AAAG,0,0,174,0,1,NO
chickpea,ACGT_AAAG,1,1,293,1.3404,0.540792577556245,NO
chickpea,ACGT_AAAG,2,1,249,1.589,0.482809383389873,NO
chickpea,ACGT_AAAG,3,1,315,1.2421,0.567442953655683,NO
chickpea,ACGT_AAAG,4,1,275,1.4325,0.517850774262111,NO
chickpea,ACGT_AAAG,5,0,215,0,1,NO
chickpea,ACGT_AAAG,6,0,290,0,1,NO
chickpea,ACGT_AAAG,7,1,254,1.5564,0.489728222066895,NO
chickpea,ACGT_AAAG,8,1,263,1.5009,0.501963963967201,NO
chickpea,ACGT_AAAG,9,0,279,0,1,NO
chickpea,ACGT_AAAG,10,0,273,0,1,NO
chickpea,ACGT_AAAG,11,0,293,0,1,NO
chickpea,ACGT_AAAG,12,0,284,0,1,NO
chickpea,ACGT_AAAG,13,0,242,0,1,NO
chickpea,ACGT_AAAG,14,2,232,3.665,0.120385127618721,NO
chickpea,ACGT_AAAG,15,0,256,0,1,NO
chickpea,ACGT_AAAG,16,1,326,1.198,0.580217662783154,NO
chickpea,ACGT_AAAG,17,1,244,1.623,0.475802669037682,NO
chickpea,ACGT_AAAG,18,2,245,3.463,0.131611974719486,NO
chickpea,ACGT_AAAG,19,1,311,1.2589,0.562707916587622,NO
chickpea,ACGT_AAAG,20,0,251,0,1,NO
chickpea,ACGT_AAAG,21,0,264,0,1,NO
chickpea,ACGT_AAAG,22,1,299,1.3122,0.548209583842401,NO
chickpea,ACGT_AAAG,23,0,243,0,1,NO
chickpea,ACGT_AAAG,24,0,295,0,1,NO
chickpea,ACGT_AAAG,25,1,255,1.5501,0.491101535514654,NO
chickpea,ACGT_AAAG,26,0,300,0,1,NO
chickpea,ACGT_AAAG,27,0,256,0,1,NO
chickpea,ACGT_AAAG,28,2,233,3.6487,0.121239188048019,NO
chickpea,ACGT_AAAG,29,0,247,0,1,NO
chickpea,ACGT_AAAG,30,1,229,1.7336,0.454244806471713,NO
chickpea,AAAG_AAAG,0,10,2563,2.2468,0.0314539402312147,YES
chickpea,AAAG_AAAG,1,4,2218,0.8909,1,NO
chickpea,AAAG_AAAG,2,9,2696,1.8506,0.104780469490019,NO
chickpea,AAAG_AAAG,3,1,2437,0.1857,0.0849629965226072,NO
chickpea,AAAG_AAAG,4,6,2189,1.4315,0.442457351976272,NO
chickpea,AAAG_AAAG,5,5,2023,1.267,0.597130168195915,NO
chickpea,AAAG_AAAG,6,8,1968,2.2743,0.055183507653951,NO
chickpea,AAAG_AAAG,7,4,1946,1.0301,0.794107928388843,NO
chickpea,AAAG_AAAG,8,4,1864,1.0801,0.786037401080276,NO
chickpea,AAAG_AAAG,9,5,1862,1.3882,0.417917722946781,NO
chickpea,AAAG_AAAG,10,4,1843,1.0936,0.784141867093379,NO
chickpea,AAAG_AAAG,11,3,1935,0.7575,1,NO
chickpea,AAAG_AAAG,12,5,1800,1.4407,0.404567931450591,NO
chickpea,AAAG_AAAG,13,3,1697,0.8745,1,NO
chickpea,AAAG_AAAG,14,2,1847,0.5182,0.581554273433096,NO
chickpea,AAAG_AAAG,15,3,1762,0.8394,1,NO
chickpea,AAAG_AAAG,16,5,1822,1.4217,0.409134103031987,NO
chickpea,AAAG_AAAG,17,5,1862,1.3882,0.417917722946781,NO
chickpea,AAAG_AAAG,18,2,1924,0.4955,0.429833348315913,NO
chickpea,AAAG_AAAG,19,5,1919,1.343,0.586604760301499,NO
chickpea,AAAG_AAAG,20,4,1860,1.0826,0.785670531911779,NO
chickpea,AAAG_AAAG,21,2,1889,0.5056,0.584101676909235,NO
chickpea,AAAG_AAAG,22,6,1865,1.7091,0.267827517674444,NO
chickpea,AAAG_AAAG,23,7,1899,2.0106,0.0998313378164127,NO
chickpea,AAAG_AAAG,24,5,1867,1.3841,0.419057217723665,NO
chickpea,AAAG_AAAG,25,3,1973,0.7414,0.794526661208394,NO
chickpea,AAAG_AAAG,26,5,2057,1.2438,0.601359551922912,NO
chickpea,AAAG_AAAG,27,6,2041,1.5474,0.295545186556345,NO
chickpea,AAAG_AAAG,28,5,1813,1.4294,0.407242588738281,NO
chickpea,AAAG_AAAG,29,3,1713,0.8656,1,NO
chickpea,AAAG_AAAG,30,4,1796,1.125,0.78018815957992,NO
chickpea,AAAG_ACGT,0,0,268,0,1,NO
chickpea,AAAG_ACGT,1,2,268,3.756,0.116753709725812,NO
chickpea,AAAG_ACGT,2,1,391,1.1728,0.588552926546452,NO
chickpea,AAAG_ACGT,3,0,315,0,1,NO
chickpea,AAAG_ACGT,4,1,354,1.3029,0.551554456748534,NO
chickpea,AAAG_ACGT,5,1,280,1.6661,0.468059236645257,NO
chickpea,AAAG_ACGT,6,3,328,4.9413,0.0333040372631414,YES
chickpea,AAAG_ACGT,7,2,450,2.1747,0.261500086772094,NO
chickpea,AAAG_ACGT,8,0,293,0,1,NO
chickpea,AAAG_ACGT,9,0,256,0,1,NO
chickpea,AAAG_ACGT,10,1,267,1.7507,0.451971018901279,NO
chickpea,AAAG_ACGT,11,0,262,0,1,NO
chickpea,AAAG_ACGT,12,0,283,0,1,NO
chickpea,AAAG_ACGT,13,0,411,0,1,NO
chickpea,AAAG_ACGT,14,0,276,0,1,NO
chickpea,AAAG_ACGT,15,0,293,0,1,NO
chickpea,AAAG_ACGT,16,0,276,0,1,NO
chickpea,AAAG_ACGT,17,0,279,0,1,NO
chickpea,AAAG_ACGT,18,0,301,0,1,NO
chickpea,AAAG_ACGT,19,2,297,3.3743,0.138141252673909,NO
chickpea,AAAG_ACGT,20,0,295,0,1,NO
chickpea,AAAG_ACGT,21,1,272,1.7172,0.458211794278658,NO
chickpea,AAAG_ACGT,22,3,300,5.4258,0.0264929551891437,YES
chickpea,AAAG_ACGT,23,0,290,0,1,NO
chickpea,AAAG_ACGT,24,0,276,0,1,NO
chickpea,AAAG_ACGT,25,1,256,1.829,0.438004381538351,NO
chickpea,AAAG_ACGT,26,1,271,1.7238,0.456968970745118,NO
chickpea,AAAG_ACGT,27,0,286,0,1,NO
chickpea,AAAG_ACGT,28,1,343,1.3469,0.539970066002055,NO
chickpea,AAAG_ACGT,29,1,263,1.7784,0.446930159867446,NO
chickpea,AAAG_ACGT,30,2,259,3.8919,0.110319947947317,NO
arabidopsis,ACGT_ACGT,0,10,409,0.9316,1,NO
arabidopsis,ACGT_ACGT,1,13,288,1.7979,0.0571915571585159,NO
arabidopsis,ACGT_ACGT,2,9,327,1.0573,0.857613456955493,NO
arabidopsis,ACGT_ACGT,3,10,243,1.6171,0.149974423227637,NO
arabidopsis,ACGT_ACGT,4,12,250,1.9112,0.0423572026712222,YES
arabidopsis,ACGT_ACGT,5,7,202,1.3429,0.375661185123005,NO
arabidopsis,ACGT_ACGT,6,7,223,1.2118,0.525168402328784,NO
arabidopsis,ACGT_ACGT,7,14,311,1.7986,0.0453520739203675,YES
arabidopsis,ACGT_ACGT,8,7,265,1.012,0.845272759609834,NO
arabidopsis,ACGT_ACGT,9,5,214,0.8909,1,NO
arabidopsis,ACGT_ACGT,10,6,203,1.1372,0.655772903721878,NO
arabidopsis,ACGT_ACGT,11,5,211,0.9041,1,NO
arabidopsis,ACGT_ACGT,12,7,233,1.1577,0.673228808539042,NO
arabidopsis,ACGT_ACGT,13,5,225,0.8457,1,NO
arabidopsis,ACGT_ACGT,14,5,232,0.8191,0.833946384758296,NO
arabidopsis,ACGT_ACGT,15,6,238,0.9638,1,NO
arabidopsis,ACGT_ACGT,16,10,252,1.5568,0.222536937260385,NO
arabidopsis,ACGT_ACGT,17,6,271,0.8413,0.845437707479036,NO
arabidopsis,ACGT_ACGT,18,7,254,1.0579,0.83974315557218,NO
arabidopsis,ACGT_ACGT,19,4,271,0.5531,0.324847378605951,NO
arabidopsis,ACGT_ACGT,20,9,299,1.1623,0.579451124139749,NO
arabidopsis,ACGT_ACGT,21,10,239,1.6453,0.145027947331678,NO
arabidopsis,ACGT_ACGT,22,2,266,0.2782,0.0693249398701166,NO
arabidopsis,ACGT_ACGT,23,4,227,0.6657,0.666476556443805,NO
arabidopsis,ACGT_ACGT,24,4,280,0.5345,0.329251681648099,NO
arabidopsis,ACGT_ACGT,25,3,232,0.4847,0.287849237741471,NO
arabidopsis,ACGT_ACGT,26,7,290,0.9205,1,NO
arabidopsis,ACGT_ACGT,27,5,247,0.7673,0.836463122988096,NO
arabidopsis,ACGT_ACGT,28,6,268,0.8512,0.845394859448613,NO
arabidopsis,ACGT_ACGT,29,3,253,0.4428,0.21882582056051,NO
arabidopsis,ACGT_ACGT,30,5,248,0.764,0.685886708158337,NO
arabidopsis,ACGT_AAAG,0,4,355,0.5436,0.332981452620563,NO
arabidopsis,ACGT_AAAG,1,8,514,0.7534,0.523000135767323,NO
arabidopsis,ACGT_AAAG,2,13,470,1.3777,0.244975031420014,NO
arabidopsis,ACGT_AAAG,3,14,473,1.4811,0.181111798275867,NO
arabidopsis,ACGT_AAAG,4,8,468,0.8312,0.738391847774875,NO
arabidopsis,ACGT_AAAG,5,10,439,1.1216,0.728784287229383,NO
arabidopsis,ACGT_AAAG,6,15,492,1.5303,0.139779187022358,NO
arabidopsis,ACGT_AAAG,7,15,469,1.609,0.0933159817078063,NO
arabidopsis,ACGT_AAAG,8,15,471,1.6018,0.0942301680741547,NO
arabidopsis,ACGT_AAAG,9,12,524,1.1291,0.634699803385443,NO
arabidopsis,ACGT_AAAG,10,9,529,0.8263,0.751023507425692,NO
arabidopsis,ACGT_AAAG,11,9,471,0.9334,1,NO
arabidopsis,ACGT_AAAG,12,11,518,1.0425,0.872913777625908,NO
arabidopsis,ACGT_AAAG,13,7,510,0.6615,0.335972137309577,NO
arabidopsis,ACGT_AAAG,14,12,476,1.2488,0.40916080537534,NO
arabidopsis,ACGT_AAAG,15,10,510,0.9587,1,NO
arabidopsis,ACGT_AAAG,16,13,508,1.2699,0.419564568798866,NO
arabidopsis,ACGT_AAAG,17,8,538,0.7181,0.434067212434181,NO
arabidopsis,ACGT_AAAG,18,6,494,0.5835,0.249887163277818,NO
arabidopsis,ACGT_AAAG,19,7,520,0.6481,0.336790050817123,NO
arabidopsis,ACGT_AAAG,20,15,526,1.4266,0.204171117030416,NO
arabidopsis,ACGT_AAAG,21,8,495,0.7838,0.624640041583774,NO
arabidopsis,ACGT_AAAG,22,8,503,0.7707,0.625710545015199,NO
arabidopsis,ACGT_AAAG,23,13,504,1.2805,0.417692232149169,NO
arabidopsis,ACGT_AAAG,24,10,492,0.9955,1,NO
arabidopsis,ACGT_AAAG,25,15,499,1.5078,0.142947992765282,NO
arabidopsis,ACGT_AAAG,26,6,508,0.5666,0.196782163695303,NO
arabidopsis,ACGT_AAAG,27,8,507,0.7643,0.626587410581448,NO
arabidopsis,ACGT_AAAG,28,6,615,0.4631,0.0550686273816808,NO
arabidopsis,ACGT_AAAG,29,12,490,1.2115,0.51152350009954,NO
arabidopsis,ACGT_AAAG,30,13,518,1.2441,0.425486125923961,NO
arabidopsis,AAAG_AAAG,0,63,3550,0.9301,0.642532890066926,NO
arabidopsis,AAAG_AAAG,1,75,3351,1.2174,0.118978018377864,NO
arabidopsis,AAAG_AAAG,2,63,3574,0.9229,0.596905230595316,NO
arabidopsis,AAAG_AAAG,3,55,3101,0.9308,0.673359829792972,NO
arabidopsis,AAAG_AAAG,4,62,3038,1.0914,0.523668035506648,NO
arabidopsis,AAAG_AAAG,5,50,2864,0.9152,0.610563915135521,NO
arabidopsis,AAAG_AAAG,6,56,2742,1.091,0.55311627307358,NO
arabidopsis,AAAG_AAAG,7,46,2665,0.9044,0.59870352698469,NO
arabidopsis,AAAG_AAAG,8,64,2770,1.2558,0.104542896719944,NO
arabidopsis,AAAG_AAAG,9,53,2575,1.0999,0.493486339606902,NO
arabidopsis,AAAG_AAAG,10,48,2460,1.036,0.815393980784624,NO
arabidopsis,AAAG_AAAG,11,52,2554,1.0865,0.541574580164004,NO
arabidopsis,AAAG_AAAG,12,46,2379,1.0255,0.87442217544847,NO
arabidopsis,AAAG_AAAG,13,35,2457,0.735,0.0858493855014596,NO
arabidopsis,AAAG_AAAG,14,34,2622,0.6629,0.0186614611978244,NO
arabidopsis,AAAG_AAAG,15,42,2437,0.9038,0.584471721338049,NO
arabidopsis,AAAG_AAAG,16,56,2424,1.251,0.118116622514191,NO
arabidopsis,AAAG_AAAG,17,51,2604,1.0405,0.761852057395173,NO
arabidopsis,AAAG_AAAG,18,49,2434,1.0725,0.639083753916835,NO
arabidopsis,AAAG_AAAG,19,57,2421,1.278,0.085539939041756,NO
arabidopsis,AAAG_AAAG,20,42,2528,0.8679,0.441362961358276,NO
arabidopsis,AAAG_AAAG,21,44,2313,1.0072,0.936279537126576,NO
arabidopsis,AAAG_AAAG,22,37,2359,0.8162,0.266227342874299,NO
arabidopsis,AAAG_AAAG,23,42,2423,0.9095,0.637921803157155,NO
arabidopsis,AAAG_AAAG,24,53,2465,1.1543,0.313405927372874,NO
arabidopsis,AAAG_AAAG,25,41,2521,0.8479,0.355096342924667,NO
arabidopsis,AAAG_AAAG,26,43,2548,0.8828,0.490236793264713,NO
arabidopsis,AAAG_AAAG,27,53,2440,1.1674,0.310078066359063,NO
arabidopsis,AAAG_AAAG,28,46,2378,1.026,0.874394529097878,NO
arabidopsis,AAAG_AAAG,29,41,2462,0.8704,0.436652250486125,NO
arabidopsis,AAAG_AAAG,30,34,2371,0.7409,0.0961216347026024,NO
arabidopsis,AAAG_ACGT,0,16,437,1.7271,0.044702022633459,YES
arabidopsis,AAAG_ACGT,1,8,378,0.9705,1,NO
arabidopsis,AAAG_ACGT,2,9,647,0.625,0.208663705574435,NO
arabidopsis,AAAG_ACGT,3,16,642,1.1538,0.577073221463967,NO
arabidopsis,AAAG_ACGT,4,9,537,0.7607,0.542724322081294,NO
arabidopsis,AAAG_ACGT,5,9,551,0.7404,0.454424883086965,NO
arabidopsis,AAAG_ACGT,6,17,625,1.2666,0.3256680042948,NO
arabidopsis,AAAG_ACGT,7,11,593,0.8446,0.771364364494432,NO
arabidopsis,AAAG_ACGT,8,14,529,1.2275,0.445163029095469,NO
arabidopsis,AAAG_ACGT,9,13,573,1.0436,0.882821246050529,NO
arabidopsis,AAAG_ACGT,10,15,566,1.2302,0.458905811688702,NO
arabidopsis,AAAG_ACGT,11,11,518,0.9735,1,NO
arabidopsis,AAAG_ACGT,12,10,544,0.8372,0.762077431947158,NO
arabidopsis,AAAG_ACGT,13,14,547,1.1851,0.546972580665019,NO
arabidopsis,AAAG_ACGT,14,13,465,1.2988,0.332121860023428,NO
arabidopsis,AAAG_ACGT,15,13,567,1.0553,0.76892142008534,NO
arabidopsis,AAAG_ACGT,16,13,590,1.012,0.88526162502049,NO
arabidopsis,AAAG_ACGT,17,15,530,1.3181,0.287154259511811,NO
arabidopsis,AAAG_ACGT,18,13,557,1.0752,0.765612332150023,NO
arabidopsis,AAAG_ACGT,19,14,516,1.2599,0.358040893530304,NO
arabidopsis,AAAG_ACGT,20,17,516,1.5496,0.0900594847767208,NO
arabidopsis,AAAG_ACGT,21,13,607,0.9821,1,NO
arabidopsis,AAAG_ACGT,22,7,580,0.5411,0.139741260376441,NO
arabidopsis,AAAG_ACGT,23,10,521,0.876,0.877229908731315,NO
arabidopsis,AAAG_ACGT,24,9,553,0.7376,0.454510447445343,NO
arabidopsis,AAAG_ACGT,25,19,589,1.5202,0.083768264415736,NO
arabidopsis,AAAG_ACGT,26,15,528,1.3234,0.285680968675275,NO
arabidopsis,AAAG_ACGT,27,9,556,0.7334,0.454776278224792,NO
arabidopsis,AAAG_ACGT,28,12,566,0.9718,1,NO
arabidopsis,AAAG_ACGT,29,10,567,0.8016,0.656000913030787,NO
arabidopsis,AAAG_ACGT,30,14,585,1.1043,0.663368910182038,NO
pigeon_pea,ACGT_ACGT,0,0,198,0,1,NO
pigeon_pea,ACGT_ACGT,1,0,165,0,1,NO
pigeon_pea,ACGT_ACGT,2,0,163,0,1,NO
pigeon_pea,ACGT_ACGT,3,0,186,0,1,NO
pigeon_pea,ACGT_ACGT,4,1,118,3.8506,0.251438551116276,NO
pigeon_pea,ACGT_ACGT,5,0,154,0,1,NO
pigeon_pea,ACGT_ACGT,6,0,149,0,1,NO
pigeon_pea,ACGT_ACGT,7,0,339,0,1,NO
pigeon_pea,ACGT_ACGT,8,1,357,1.1891,0.593838207561363,NO
pigeon_pea,ACGT_ACGT,9,1,161,2.7888,0.327385724228669,NO
pigeon_pea,ACGT_ACGT,10,0,131,0,1,NO
pigeon_pea,ACGT_ACGT,11,1,158,2.8441,0.322318617553041,NO
pigeon_pea,ACGT_ACGT,12,0,130,0,1,NO
pigeon_pea,ACGT_ACGT,13,0,162,0,1,NO
pigeon_pea,ACGT_ACGT,14,1,236,1.8628,0.443605132224791,NO
pigeon_pea,ACGT_ACGT,15,1,164,2.7355,0.332419125216158,NO
pigeon_pea,ACGT_ACGT,16,0,181,0,1,NO
pigeon_pea,ACGT_ACGT,17,2,193,5.2702,0.0756746208397213,NO
pigeon_pea,ACGT_ACGT,18,1,247,1.7743,0.459055223689953,NO
pigeon_pea,ACGT_ACGT,19,1,306,1.4081,0.535598642779194,NO
pigeon_pea,ACGT_ACGT,20,0,155,0,1,NO
pigeon_pea,ACGT_ACGT,21,0,157,0,1,NO
pigeon_pea,ACGT_ACGT,22,0,161,0,1,NO
pigeon_pea,ACGT_ACGT,23,0,147,0,1,NO
pigeon_pea,ACGT_ACGT,24,0,148,0,1,NO
pigeon_pea,ACGT_ACGT,25,0,165,0,1,NO
pigeon_pea,ACGT_ACGT,26,3,161,11.1553,0.0056269770897156,YES
pigeon_pea,ACGT_ACGT,27,0,163,0,1,NO
pigeon_pea,ACGT_ACGT,28,0,160,0,1,NO
pigeon_pea,ACGT_ACGT,29,0,261,0,1,NO
pigeon_pea,ACGT_ACGT,30,0,197,0,1,NO
pigeon_pea,ACGT_AAAG,0,0,227,0,1,NO
pigeon_pea,ACGT_AAAG,1,1,364,1.1989,0.57831794758505,NO
pigeon_pea,ACGT_AAAG,2,0,344,0,1,NO
pigeon_pea,ACGT_AAAG,3,2,354,2.6232,0.197231408470704,NO
pigeon_pea,ACGT_AAAG,4,2,333,2.7965,0.179543312233581,NO
pigeon_pea,ACGT_AAAG,5,1,405,1.0716,0.61830730689619,NO
pigeon_pea,ACGT_AAAG,6,0,357,0,1,NO
pigeon_pea,ACGT_AAAG,7,0,350,0,1,NO
pigeon_pea,ACGT_AAAG,8,0,334,0,1,NO
pigeon_pea,ACGT_AAAG,9,1,337,1.2997,0.549856912209014,NO
pigeon_pea,ACGT_AAAG,10,2,340,2.7364,0.185407974389094,NO
pigeon_pea,ACGT_AAAG,11,1,382,1.1397,0.59633837719553,NO
pigeon_pea,ACGT_AAAG,12,1,406,1.0688,0.619236376331737,NO
pigeon_pea,ACGT_AAAG,13,1,359,1.2165,0.573179025727823,NO
pigeon_pea,ACGT_AAAG,14,1,345,1.2682,0.55847354809976,NO
pigeon_pea,ACGT_AAAG,15,0,394,0,1,NO
pigeon_pea,ACGT_AAAG,16,0,363,0,1,NO
pigeon_pea,ACGT_AAAG,17,2,334,2.7878,0.180379061942551,NO
pigeon_pea,ACGT_AAAG,18,0,329,0,1,NO
pigeon_pea,ACGT_AAAG,19,0,408,0,1,NO
pigeon_pea,ACGT_AAAG,20,1,367,1.1887,0.581373192753015,NO
pigeon_pea,ACGT_AAAG,21,1,358,1.22,0.572144168839771,NO
pigeon_pea,ACGT_AAAG,22,3,328,4.5457,0.0384862744510407,YES
pigeon_pea,ACGT_AAAG,23,2,332,2.8053,0.178708267759064,NO
pigeon_pea,ACGT_AAAG,24,0,358,0,1,NO
pigeon_pea,ACGT_AAAG,25,1,378,1.1523,0.59239784134346,NO
pigeon_pea,ACGT_AAAG,26,1,337,1.2997,0.549856912209014,NO
pigeon_pea,ACGT_AAAG,27,1,348,1.2568,0.561664438907019,NO
pigeon_pea,ACGT_AAAG,28,0,393,0,1,NO
pigeon_pea,ACGT_AAAG,29,1,349,1.253,0.562723220455553,NO
pigeon_pea,ACGT_AAAG,30,0,345,0,1,NO
pigeon_pea,AAAG_AAAG,0,5,3089,0.7931,0.828183929060423,NO
pigeon_pea,AAAG_AAAG,1,3,3093,0.4536,0.273889180208896,NO
pigeon_pea,AAAG_AAAG,2,6,3492,0.8456,0.838436071239736,NO
pigeon_pea,AAAG_AAAG,3,4,3022,0.6356,0.512431471064505,NO
pigeon_pea,AAAG_AAAG,4,4,2844,0.6812,0.652164714206654,NO
pigeon_pea,AAAG_AAAG,5,3,2601,0.5523,0.480290988238394,NO
pigeon_pea,AAAG_AAAG,6,3,2506,0.5758,0.477941210878929,NO
pigeon_pea,AAAG_AAAG,7,6,2343,1.332,0.462974282399343,NO
pigeon_pea,AAAG_AAAG,8,3,2509,0.575,0.477962472922701,NO
pigeon_pea,AAAG_AAAG,9,4,2432,0.8123,1,NO
pigeon_pea,AAAG_AAAG,10,5,2460,1.0264,0.814122393541648,NO
pigeon_pea,AAAG_AAAG,11,3,2352,0.618,0.623245627622291,NO
pigeon_pea,AAAG_AAAG,12,4,2217,0.9001,1,NO
pigeon_pea,AAAG_AAAG,13,7,2236,1.6774,0.207033974827442,NO
pigeon_pea,AAAG_AAAG,14,5,2333,1.0887,0.805615843490326,NO
pigeon_pea,AAAG_AAAG,15,7,2326,1.6058,0.222089251238669,NO
pigeon_pea,AAAG_AAAG,16,2,2208,0.432,0.317176073104407,NO
pigeon_pea,AAAG_AAAG,17,3,2282,0.639,0.621783450801579,NO
pigeon_pea,AAAG_AAAG,18,5,2290,1.1114,0.803232072779061,NO
pigeon_pea,AAAG_AAAG,19,2,2181,0.4379,0.317289674508348,NO
pigeon_pea,AAAG_AAAG,20,5,2254,1.1311,0.8014548427089,NO
pigeon_pea,AAAG_AAAG,21,5,2206,1.1583,0.799416922550374,NO
pigeon_pea,AAAG_AAAG,22,3,2156,0.6803,0.797666805448888,NO
pigeon_pea,AAAG_AAAG,23,6,2180,1.4425,0.442267922819613,NO
pigeon_pea,AAAG_AAAG,24,5,2160,1.1855,0.615016676348076,NO
pigeon_pea,AAAG_AAAG,25,1,2325,0.1996,0.0844340330863781,NO
pigeon_pea,AAAG_AAAG,26,6,2180,1.4425,0.442267922819613,NO
pigeon_pea,AAAG_AAAG,27,4,2247,0.8868,1,NO
pigeon_pea,AAAG_AAAG,28,5,2160,1.1855,0.615016676348076,NO
pigeon_pea,AAAG_AAAG,29,10,2086,2.7964,0.00707209169106038,YES
pigeon_pea,AAAG_AAAG,30,2,2146,0.4457,0.43892562070085,NO
pigeon_pea,AAAG_ACGT,0,1,284,2.1097,0.395104544747804,NO
pigeon_pea,AAAG_ACGT,1,0,322,0,1,NO
pigeon_pea,AAAG_ACGT,2,0,459,0,1,NO
pigeon_pea,AAAG_ACGT,3,3,419,4.982,0.0334129044088514,YES
pigeon_pea,AAAG_ACGT,4,2,398,3.214,0.150237499466119,NO
pigeon_pea,AAAG_ACGT,5,0,365,0,1,NO
pigeon_pea,AAAG_ACGT,6,1,432,1.3606,0.537472641169684,NO
pigeon_pea,AAAG_ACGT,7,1,345,1.7231,0.458103857506326,NO
pigeon_pea,AAAG_ACGT,8,0,353,0,1,NO
pigeon_pea,AAAG_ACGT,9,1,372,1.5924,0.483994764427745,NO
pigeon_pea,AAAG_ACGT,10,1,348,1.7076,0.461039063676147,NO
pigeon_pea,AAAG_ACGT,11,2,338,3.8141,0.115030728311534,NO
pigeon_pea,AAAG_ACGT,12,2,336,3.8378,0.113901549716517,NO
pigeon_pea,AAAG_ACGT,13,0,372,0,1,NO
pigeon_pea,AAAG_ACGT,14,0,382,0,1,NO
pigeon_pea,AAAG_ACGT,15,1,367,1.6152,0.479288558768692,NO
pigeon_pea,AAAG_ACGT,16,0,384,0,1,NO
pigeon_pea,AAAG_ACGT,17,0,347,0,1,NO
pigeon_pea,AAAG_ACGT,18,1,382,1.5487,0.493288915834197,NO
pigeon_pea,AAAG_ACGT,19,0,377,0,1,NO
pigeon_pea,AAAG_ACGT,20,0,348,0,1,NO
pigeon_pea,AAAG_ACGT,21,2,350,3.6776,0.121870977530224,NO
pigeon_pea,AAAG_ACGT,22,0,387,0,1,NO
pigeon_pea,AAAG_ACGT,23,0,379,0,1,NO
pigeon_pea,AAAG_ACGT,24,0,398,0,1,NO
pigeon_pea,AAAG_ACGT,25,0,383,0,1,NO
pigeon_pea,AAAG_ACGT,26,0,385,0,1,NO
pigeon_pea,AAAG_ACGT,27,0,373,0,1,NO
pigeon_pea,AAAG_ACGT,28,1,362,1.6385,0.474542522184036,NO
pigeon_pea,AAAG_ACGT,29,0,382,0,1,NO
pigeon_pea,AAAG_ACGT,30,0,372,0,1,NO
sorghum,ACGT_ACGT,0,0,795,0,0.237357405590346,NO
sorghum,ACGT_ACGT,1,0,232,0,1,NO
sorghum,ACGT_ACGT,2,1,391,1.1458,0.599068940644082,NO
sorghum,ACGT_ACGT,3,0,262,0,1,NO
sorghum,ACGT_ACGT,4,0,408,0,1,NO
sorghum,ACGT_ACGT,5,0,242,0,1,NO
sorghum,ACGT_ACGT,6,0,299,0,1,NO
sorghum,ACGT_ACGT,7,0,288,0,1,NO
sorghum,ACGT_ACGT,8,0,321,0,1,NO
sorghum,ACGT_ACGT,9,0,246,0,1,NO
sorghum,ACGT_ACGT,10,0,212,0,1,NO
sorghum,ACGT_ACGT,11,2,237,4.2424,0.0984352296010975,NO
sorghum,ACGT_ACGT,12,0,201,0,1,NO
sorghum,ACGT_ACGT,13,0,257,0,1,NO
sorghum,ACGT_ACGT,14,0,246,0,1,NO
sorghum,ACGT_ACGT,15,0,250,0,1,NO
sorghum,ACGT_ACGT,16,0,259,0,1,NO
sorghum,ACGT_ACGT,17,4,256,9.5677,0.00207291375646692,YES
sorghum,ACGT_ACGT,18,0,238,0,1,NO
sorghum,ACGT_ACGT,19,0,225,0,1,NO
sorghum,ACGT_ACGT,20,0,235,0,1,NO
sorghum,ACGT_ACGT,21,1,209,2.2161,0.382219278002489,NO
sorghum,ACGT_ACGT,22,2,235,4.2801,0.0970349714373231,NO
sorghum,ACGT_ACGT,23,1,219,2.1111,0.396498782562703,NO
sorghum,ACGT_ACGT,24,0,255,0,1,NO
sorghum,ACGT_ACGT,25,1,264,1.7371,0.457065061412338,NO
sorghum,ACGT_ACGT,26,1,306,1.4872,0.508481702603266,NO
sorghum,ACGT_ACGT,27,1,262,1.751,0.454497062716922,NO
sorghum,ACGT_ACGT,28,0,223,0,1,NO
sorghum,ACGT_ACGT,29,1,232,1.9881,0.41460674217602,NO
sorghum,ACGT_ACGT,30,0,235,0,1,NO
sorghum,ACGT_AAAG,0,0,226,0,1,NO
sorghum,ACGT_AAAG,1,0,234,0,1,NO
sorghum,ACGT_AAAG,2,1,554,0.5281,1,NO
sorghum,ACGT_AAAG,3,1,292,1.0392,1,NO
sorghum,ACGT_AAAG,4,0,319,0,0.624459487256243,NO
sorghum,ACGT_AAAG,5,2,256,2.4861,0.20769132404686,NO
sorghum,ACGT_AAAG,6,0,337,0,0.626186105944297,NO
sorghum,ACGT_AAAG,7,2,335,1.8793,0.304994559467236,NO
sorghum,ACGT_AAAG,8,1,343,0.8785,1,NO
sorghum,ACGT_AAAG,9,1,284,1.0697,0.615984220264879,NO
sorghum,ACGT_AAAG,10,3,339,2.9107,0.100130659576143,NO
sorghum,ACGT_AAAG,11,2,343,1.8334,0.314868599903279,NO
sorghum,ACGT_AAAG,12,2,309,2.0447,0.272826393703276,NO
sorghum,ACGT_AAAG,13,2,318,1.9844,0.28396726869784,NO
sorghum,ACGT_AAAG,14,1,339,0.8894,1,NO
sorghum,ACGT_AAAG,15,2,316,1.9975,0.281491487540355,NO
sorghum,ACGT_AAAG,16,1,356,0.8449,1,NO
sorghum,ACGT_AAAG,17,0,310,0,0.624055177369485,NO
sorghum,ACGT_AAAG,18,1,319,0.9478,1,NO
sorghum,ACGT_AAAG,19,1,338,0.8921,1,NO
sorghum,ACGT_AAAG,20,1,336,0.8977,1,NO
sorghum,ACGT_AAAG,21,2,330,1.9091,0.298814893480368,NO
sorghum,ACGT_AAAG,22,0,314,0,0.624195183180538,NO
sorghum,ACGT_AAAG,23,2,343,1.8334,0.314868599903279,NO
sorghum,ACGT_AAAG,24,0,332,0,0.625589527527474,NO
sorghum,ACGT_AAAG,25,0,319,0,0.624459487256243,NO
sorghum,ACGT_AAAG,26,2,327,1.9274,0.295104731250695,NO
sorghum,ACGT_AAAG,27,1,355,0.8474,1,NO
sorghum,ACGT_AAAG,28,1,327,0.9235,1,NO
sorghum,ACGT_AAAG,29,1,314,0.9635,1,NO
sorghum,ACGT_AAAG,30,1,330,0.9148,1,NO
sorghum,AAAG_AAAG,0,3,1777,0.7152,0.794841713808669,NO
sorghum,AAAG_AAAG,1,5,2159,1.0095,1,NO
sorghum,AAAG_AAAG,2,11,2059,2.7821,0.00581936328835679,YES
sorghum,AAAG_AAAG,3,2,1913,0.4286,0.314776408140285,NO
sorghum,AAAG_AAAG,4,2,1630,0.5115,0.583237155118571,NO
sorghum,AAAG_AAAG,5,3,1620,0.7918,1,NO
sorghum,AAAG_AAAG,6,4,1596,1.1006,0.783308958461791,NO
sorghum,AAAG_AAAG,7,1,1472,0.279,0.256041765902714,NO
sorghum,AAAG_AAAG,8,4,1605,1.0939,0.784209134728634,NO
sorghum,AAAG_AAAG,9,1,1446,0.2845,0.255854126525196,NO
sorghum,AAAG_AAAG,10,2,1340,0.6328,0.767713140022758,NO
sorghum,AAAG_AAAG,11,7,1386,2.4322,0.0375141338873989,YES
sorghum,AAAG_AAAG,12,4,1366,1.3032,0.553152378786178,NO
sorghum,AAAG_AAAG,13,4,1304,1.3701,0.540562242084005,NO
sorghum,AAAG_AAAG,14,3,1238,1.0593,0.76096921582027,NO
sorghum,AAAG_AAAG,15,4,1303,1.3712,0.540376474265811,NO
sorghum,AAAG_AAAG,16,4,1237,1.4498,0.529484613674695,NO
sorghum,AAAG_AAAG,17,6,1364,2.0638,0.12876056543078,NO
sorghum,AAAG_AAAG,18,3,1377,0.9448,1,NO
sorghum,AAAG_AAAG,19,4,1424,1.246,0.566621427624726,NO
sorghum,AAAG_AAAG,20,5,1489,1.5229,0.38827905795753,NO
sorghum,AAAG_AAAG,21,1,1524,0.2687,0.25803064494528,NO
sorghum,AAAG_AAAG,22,3,1288,1.0152,1,NO
sorghum,AAAG_AAAG,23,4,1363,1.3063,0.552497388362254,NO
sorghum,AAAG_AAAG,24,6,1324,2.131,0.123255405988701,NO
sorghum,AAAG_AAAG,25,4,1313,1.36,0.542260140739063,NO
sorghum,AAAG_AAAG,26,3,1434,0.9042,1,NO
sorghum,AAAG_AAAG,27,5,1327,1.7249,0.229236257367616,NO
sorghum,AAAG_AAAG,28,4,1229,1.4599,0.528359932001642,NO
sorghum,AAAG_AAAG,29,2,1314,0.6463,0.767486954272541,NO
sorghum,AAAG_AAAG,30,2,1250,0.6819,1,NO
sorghum,AAAG_ACGT,0,0,248,0,1,NO
sorghum,AAAG_ACGT,1,1,250,1.9965,0.409674957916794,NO
sorghum,AAAG_ACGT,2,0,342,0,1,NO
sorghum,AAAG_ACGT,3,0,329,0,1,NO
sorghum,AAAG_ACGT,4,1,373,1.3162,0.546995561229835,NO
sorghum,AAAG_ACGT,5,0,364,0,1,NO
sorghum,AAAG_ACGT,6,1,366,1.3426,0.540063529748705,NO
sorghum,AAAG_ACGT,7,0,410,0,1,NO
sorghum,AAAG_ACGT,8,1,357,1.3782,0.53100474629024,NO
sorghum,AAAG_ACGT,9,1,368,1.335,0.542054190443433,NO
sorghum,AAAG_ACGT,10,0,362,0,1,NO
sorghum,AAAG_ACGT,11,2,315,3.366,0.137357378985212,NO
sorghum,AAAG_ACGT,12,0,351,0,1,NO
sorghum,AAAG_ACGT,13,2,342,3.089,0.156728597617421,NO
sorghum,AAAG_ACGT,14,2,320,3.3112,0.140898622785322,NO
sorghum,AAAG_ACGT,15,2,332,3.1863,0.149484944013517,NO
sorghum,AAAG_ACGT,16,0,353,0,1,NO
sorghum,AAAG_ACGT,17,1,297,1.67,0.46620222735012,NO
sorghum,AAAG_ACGT,18,0,378,0,1,NO
sorghum,AAAG_ACGT,19,1,355,1.3863,0.528969096164155,NO
sorghum,AAAG_ACGT,20,1,375,1.3088,0.548958077315419,NO
sorghum,AAAG_ACGT,21,1,338,1.4594,0.511328527038436,NO
sorghum,AAAG_ACGT,22,0,335,0,1,NO
sorghum,AAAG_ACGT,23,0,311,0,1,NO
sorghum,AAAG_ACGT,24,0,309,0,1,NO
sorghum,AAAG_ACGT,25,3,334,5.1149,0.0299181028003936,YES
sorghum,AAAG_ACGT,26,1,313,1.5813,0.484258266791411,NO
sorghum,AAAG_ACGT,27,2,355,2.9706,0.166255559831997,NO
sorghum,AAAG_ACGT,28,0,356,0,1,NO
sorghum,AAAG_ACGT,29,0,315,0,1,NO
sorghum,AAAG_ACGT,30,0,305,0,1,NO
cassava,ACGT_ACGT,0,0,83,0,1,NO
cassava,ACGT_ACGT,1,2,94,5.6828,0.0612163044312378,NO
cassava,ACGT_ACGT,2,2,121,4.3742,0.0944226906415496,NO
cassava,ACGT_ACGT,3,0,84,0,1,NO
cassava,ACGT_ACGT,4,1,126,1.922,0.425898956969393,NO
cassava,ACGT_ACGT,5,0,113,0,1,NO
cassava,ACGT_ACGT,6,0,87,0,1,NO
cassava,ACGT_ACGT,7,1,103,2.3697,0.364074905913966,NO
cassava,ACGT_ACGT,8,0,183,0,1,NO
cassava,ACGT_ACGT,9,0,114,0,1,NO
cassava,ACGT_ACGT,10,0,101,0,1,NO
cassava,ACGT_ACGT,11,0,120,0,1,NO
cassava,ACGT_ACGT,12,1,89,2.7556,0.323492404585572,NO
cassava,ACGT_ACGT,13,0,85,0,1,NO
cassava,ACGT_ACGT,14,2,130,4.0587,0.106492792133107,NO
cassava,ACGT_ACGT,15,0,94,0,1,NO
cassava,ACGT_ACGT,16,0,109,0,1,NO
cassava,ACGT_ACGT,17,1,117,2.0762,0.402399727424463,NO
cassava,ACGT_ACGT,18,2,76,7.0718,0.0420924852627093,YES
cassava,ACGT_ACGT,19,0,366,0,0.387425071596828,NO
cassava,ACGT_ACGT,20,0,115,0,1,NO
cassava,ACGT_ACGT,21,0,79,0,1,NO
cassava,ACGT_ACGT,22,1,104,2.3462,0.366885863487281,NO
cassava,ACGT_ACGT,23,0,123,0,1,NO
cassava,ACGT_ACGT,24,3,139,6.2439,0.0201244216102041,YES
cassava,ACGT_ACGT,25,1,122,1.9877,0.415562215517168,NO
cassava,ACGT_ACGT,26,1,188,1.2606,0.56600623254745,NO
cassava,ACGT_ACGT,27,1,138,1.7476,0.455905354979825,NO
cassava,ACGT_ACGT,28,0,90,0,1,NO
cassava,ACGT_ACGT,29,0,132,0,1,NO
cassava,ACGT_ACGT,30,1,95,2.5763,0.341169005045292,NO
cassava,ACGT_AAAG,0,1,203,1.4108,0.518451809681607,NO
cassava,ACGT_AAAG,1,0,286,0,0.623617112878572,NO
cassava,ACGT_AAAG,2,0,317,0,0.626151893237056,NO
cassava,ACGT_AAAG,3,0,293,0,0.623819222659292,NO
cassava,ACGT_AAAG,4,0,282,0,0.62360662326925,NO
cassava,ACGT_AAAG,5,2,253,2.3489,0.225982190435285,NO
cassava,ACGT_AAAG,6,1,252,1.128,0.597329439151449,NO
cassava,ACGT_AAAG,7,3,289,3.2135,0.081181014748052,NO
cassava,ACGT_AAAG,8,1,241,1.1815,0.580781017497785,NO
cassava,ACGT_AAAG,9,4,243,5.3885,0.0101058271770768,YES
cassava,ACGT_AAAG,10,0,274,0,0.623824754585308,NO
cassava,ACGT_AAAG,11,1,282,1.0034,1,NO
cassava,ACGT_AAAG,12,0,367,0,0.637756166431948,NO
cassava,ACGT_AAAG,13,1,300,0.9406,1,NO
cassava,ACGT_AAAG,14,0,308,0,0.624994610772922,NO
cassava,ACGT_AAAG,15,1,294,0.9607,1,NO
cassava,ACGT_AAAG,16,1,387,0.7194,1,NO
cassava,ACGT_AAAG,17,1,417,0.6645,1,NO
cassava,ACGT_AAAG,18,1,329,0.8538,1,NO
cassava,ACGT_AAAG,19,1,309,0.9119,1,NO
cassava,ACGT_AAAG,20,2,273,2.1702,0.252347501260147,NO
cassava,ACGT_AAAG,21,2,240,2.4811,0.208995424220512,NO
cassava,ACGT_AAAG,22,4,294,4.419,0.0190633666397244,YES
cassava,ACGT_AAAG,23,0,265,0,1,NO
cassava,ACGT_AAAG,24,2,378,1.5421,0.390285553858395,NO
cassava,ACGT_AAAG,25,0,344,0,0.631424768512502,NO
cassava,ACGT_AAAG,26,1,380,0.7334,1,NO
cassava,ACGT_AAAG,27,0,266,0,1,NO
cassava,ACGT_AAAG,28,0,311,0,0.625344287431364,NO
cassava,ACGT_AAAG,29,1,268,1.0581,0.620286685211714,NO
cassava,ACGT_AAAG,30,2,253,2.3489,0.225982190435285,NO
cassava,AAAG_AAAG,0,6,3116,0.6749,0.461441702472983,NO
cassava,AAAG_AAAG,1,12,3493,1.316,0.380164318230279,NO
cassava,AAAG_AAAG,2,5,3660,0.4584,0.118060948951965,NO
cassava,AAAG_AAAG,3,6,2920,0.727,0.571463733022955,NO
cassava,AAAG_AAAG,4,2,2814,0.2367,0.0311758216150564,NO
cassava,AAAG_AAAG,5,8,2614,1.1373,0.690875752361723,NO
cassava,AAAG_AAAG,6,9,2492,1.3739,0.413186990198301,NO
cassava,AAAG_AAAG,7,4,2202,0.643,0.520649684546089,NO
cassava,AAAG_AAAG,8,7,2433,1.0597,0.837226902245019,NO
cassava,AAAG_AAAG,9,7,2264,1.1478,0.671863782954247,NO
cassava,AAAG_AAAG,10,6,2248,0.9747,1,NO
cassava,AAAG_AAAG,11,3,2246,0.4642,0.282856723372672,NO
cassava,AAAG_AAAG,12,6,2069,1.0679,0.824845477391445,NO
cassava,AAAG_AAAG,13,5,2118,0.8529,1,NO
cassava,AAAG_AAAG,14,9,2097,1.6629,0.182323317196532,NO
cassava,AAAG_AAAG,15,6,2124,1.0376,0.828476654765829,NO
cassava,AAAG_AAAG,16,4,2370,0.5928,0.406944892162471,NO
cassava,AAAG_AAAG,17,6,2396,0.9083,1,NO
cassava,AAAG_AAAG,18,8,2142,1.4188,0.3802052645119,NO
cassava,AAAG_AAAG,19,7,2148,1.2163,0.66177073908541,NO
cassava,AAAG_AAAG,20,1,2148,0.1575,0.0284132381712361,NO
cassava,AAAG_AAAG,21,3,2131,0.4919,0.279341089633211,NO
cassava,AAAG_AAAG,22,4,2011,0.7103,0.656994362551763,NO
cassava,AAAG_AAAG,23,6,2025,1.0933,0.822383663603481,NO
cassava,AAAG_AAAG,24,11,2062,2.147,0.0261754156046357,YES
cassava,AAAG_AAAG,25,7,2087,1.2554,0.510519600985382,NO
cassava,AAAG_AAAG,26,2,2159,0.3181,0.12503092990525,NO
cassava,AAAG_AAAG,27,4,2169,0.6538,0.520537355432537,NO
cassava,AAAG_AAAG,28,3,2161,0.4844,0.279419516917657,NO
cassava,AAAG_AAAG,29,4,2084,0.6831,0.65839106131146,NO
cassava,AAAG_AAAG,30,5,2098,0.8618,1,NO
cassava,AAAG_ACGT,0,1,244,1.5028,0.498577911136921,NO
cassava,AAAG_ACGT,1,0,276,0,1,NO
cassava,AAAG_ACGT,2,0,348,0,0.622391200939334,NO
cassava,AAAG_ACGT,3,1,391,0.918,1,NO
cassava,AAAG_ACGT,4,1,329,1.1009,0.607602143313698,NO
cassava,AAAG_ACGT,5,0,275,0,1,NO
cassava,AAAG_ACGT,6,2,471,1.59,0.379860949411471,NO
cassava,AAAG_ACGT,7,3,375,3.2169,0.0835567347178489,NO
cassava,AAAG_ACGT,8,3,325,3.739,0.0595142393921852,NO
cassava,AAAG_ACGT,9,0,311,0,1,NO
cassava,AAAG_ACGT,10,0,280,0,1,NO
cassava,AAAG_ACGT,11,1,354,1.0195,1,NO
cassava,AAAG_ACGT,12,2,287,2.6806,0.189298485903127,NO
cassava,AAAG_ACGT,13,2,294,2.6141,0.196383504907981,NO
cassava,AAAG_ACGT,14,0,296,0,1,NO
cassava,AAAG_ACGT,15,2,314,2.4406,0.216828638091101,NO
cassava,AAAG_ACGT,16,0,316,0,1,NO
cassava,AAAG_ACGT,17,0,319,0,1,NO
cassava,AAAG_ACGT,18,2,318,2.4085,0.220948199120394,NO
cassava,AAAG_ACGT,19,1,307,1.1836,0.581774239346092,NO
cassava,AAAG_ACGT,20,2,307,2.4987,0.209642116620673,NO
cassava,AAAG_ACGT,21,2,319,2.4006,0.221979460336926,NO
cassava,AAAG_ACGT,22,0,302,0,1,NO
cassava,AAAG_ACGT,23,2,314,2.4406,0.216828638091101,NO
cassava,AAAG_ACGT,24,1,288,1.2652,0.558176290475269,NO
cassava,AAAG_ACGT,25,0,269,0,1,NO
cassava,AAAG_ACGT,26,1,325,1.1151,0.603021783330783,NO
cassava,AAAG_ACGT,27,1,348,1.038,1,NO
cassava,AAAG_ACGT,28,0,306,0,1,NO
cassava,AAAG_ACGT,29,0,286,0,1,NO
cassava,AAAG_ACGT,30,0,343,0,1,NO
quinoa,ACGT_ACGT,0,0,221,0,1,NO
quinoa,ACGT_ACGT,1,0,142,0,1,NO
quinoa,ACGT_ACGT,2,0,174,0,1,NO
quinoa,ACGT_ACGT,3,1,237,2.0602,0.405348281240642,NO
quinoa,ACGT_ACGT,4,0,283,0,1,NO
quinoa,ACGT_ACGT,5,1,161,3.0757,0.296255526173942,NO
quinoa,ACGT_ACGT,6,0,291,0,1,NO
quinoa,ACGT_ACGT,7,1,379,1.2543,0.568710120330118,NO
quinoa,ACGT_ACGT,8,0,362,0,1,NO
quinoa,ACGT_ACGT,9,0,221,0,1,NO
quinoa,ACGT_ACGT,10,0,255,0,1,NO
quinoa,ACGT_ACGT,11,0,175,0,1,NO
quinoa,ACGT_ACGT,12,0,173,0,1,NO
quinoa,ACGT_ACGT,13,0,238,0,1,NO
quinoa,ACGT_ACGT,14,0,148,0,1,NO
quinoa,ACGT_ACGT,15,2,117,9.3863,0.0255452374924113,YES
quinoa,ACGT_ACGT,16,4,244,10.9918,0.00138378102611409,YES
quinoa,ACGT_ACGT,17,0,198,0,1,NO
quinoa,ACGT_ACGT,18,1,268,1.8114,0.445212239971522,NO
quinoa,ACGT_ACGT,19,0,530,0,0.619000265748972,NO
quinoa,ACGT_ACGT,20,1,274,1.7697,0.452638871733959,NO
quinoa,ACGT_ACGT,21,0,200,0,1,NO
quinoa,ACGT_ACGT,22,1,201,2.4455,0.355768726423462,NO
quinoa,ACGT_ACGT,23,0,252,0,1,NO
quinoa,ACGT_ACGT,24,2,207,5.2184,0.0710972484261835,NO
quinoa,ACGT_ACGT,25,1,196,2.5102,0.348590732495793,NO
quinoa,ACGT_ACGT,26,0,297,0,1,NO
quinoa,ACGT_ACGT,27,1,219,2.237,0.381013391756259,NO
quinoa,ACGT_ACGT,28,1,175,2.8223,0.317635388429886,NO
quinoa,ACGT_ACGT,29,0,179,0,1,NO
quinoa,ACGT_ACGT,30,1,324,1.4826,0.511074938795459,NO
quinoa,ACGT_AAAG,0,1,296,1.0823,0.608974953918153,NO
quinoa,ACGT_AAAG,1,3,613,1.6131,0.440090449234089,NO
quinoa,ACGT_AAAG,2,0,518,0,0.409612784135568,NO
quinoa,ACGT_AAAG,3,0,525,0,0.411057028787311,NO
quinoa,ACGT_AAAG,4,2,517,1.2499,0.676404569188887,NO
quinoa,ACGT_AAAG,5,2,454,1.4311,0.652894095702293,NO
quinoa,ACGT_AAAG,6,2,470,1.3805,0.658434526960261,NO
quinoa,ACGT_AAAG,7,1,448,0.7059,1,NO
quinoa,ACGT_AAAG,8,3,478,2.0928,0.188290198712454,NO
quinoa,ACGT_AAAG,9,4,571,2.3855,0.102520873787611,NO
quinoa,ACGT_AAAG,10,3,504,1.9804,0.209157676257908,NO
quinoa,ACGT_AAAG,11,0,538,0,0.414075627868655,NO
quinoa,ACGT_AAAG,12,1,502,0.6271,1,NO
quinoa,ACGT_AAAG,13,5,501,3.5227,0.0195983239875431,YES
quinoa,ACGT_AAAG,14,1,469,0.6731,1,NO
quinoa,ACGT_AAAG,15,1,558,0.5614,1,NO
quinoa,ACGT_AAAG,16,1,591,0.5286,1,NO
quinoa,ACGT_AAAG,17,0,620,0,0.262852455613727,NO
quinoa,ACGT_AAAG,18,2,531,1.2155,0.682136733170492,NO
quinoa,ACGT_AAAG,19,2,514,1.2576,0.675195447024222,NO
quinoa,ACGT_AAAG,20,4,487,2.8172,0.0653552965781331,NO
quinoa,ACGT_AAAG,21,2,543,1.1874,0.687154794026282,NO
quinoa,ACGT_AAAG,22,1,518,0.6069,1,NO
quinoa,ACGT_AAAG,23,1,575,0.544,1,NO
quinoa,ACGT_AAAG,24,1,547,0.5732,1,NO
quinoa,ACGT_AAAG,25,1,542,0.5788,1,NO
quinoa,ACGT_AAAG,26,0,515,0,0.409033988315795,NO
quinoa,ACGT_AAAG,27,3,563,1.7639,0.258294806189052,NO
quinoa,ACGT_AAAG,28,1,495,0.6363,1,NO
quinoa,ACGT_AAAG,29,1,489,0.6444,1,NO
quinoa,ACGT_AAAG,30,0,473,0,0.403660169284899,NO
quinoa,AAAG_AAAG,0,8,4080,0.9545,1,NO
quinoa,AAAG_AAAG,1,13,4220,1.6051,0.144917498775824,NO
quinoa,AAAG_AAAG,2,9,4639,0.9424,1,NO
quinoa,AAAG_AAAG,3,9,4051,1.0976,0.714631402497185,NO
quinoa,AAAG_AAAG,4,8,3985,0.9799,1,NO
quinoa,AAAG_AAAG,5,9,3962,1.1251,0.70976587854263,NO
quinoa,AAAG_AAAG,6,9,4139,1.0716,0.854849346911954,NO
quinoa,AAAG_AAAG,7,12,3855,1.6147,0.130889073070241,NO
quinoa,AAAG_AAAG,8,11,3816,1.4753,0.253448666703945,NO
quinoa,AAAG_AAAG,9,14,3585,2.1031,0.0176886815824638,YES
quinoa,AAAG_AAAG,10,4,3507,0.5346,0.322818809963826,NO
quinoa,AAAG_AAAG,11,7,3666,0.9276,1,NO
quinoa,AAAG_AAAG,12,8,3661,1.0765,0.846635358322421,NO
quinoa,AAAG_AAAG,13,0,3197,0,0.00174967296086161,NO
quinoa,AAAG_AAAG,14,9,3584,1.2572,0.55753023497647,NO
quinoa,AAAG_AAAG,15,11,3521,1.6122,0.1659574936395,NO
quinoa,AAAG_AAAG,16,7,3599,0.9466,1,NO
quinoa,AAAG_AAAG,17,9,4047,1.0988,0.714390066803581,NO
quinoa,AAAG_AAAG,18,4,3818,0.4868,0.186314371498052,NO
quinoa,AAAG_AAAG,19,2,3610,0.2523,0.0322048289752591,NO
quinoa,AAAG_AAAG,20,7,3734,0.909,1,NO
quinoa,AAAG_AAAG,21,8,3386,1.1729,0.688204144536711,NO
quinoa,AAAG_AAAG,22,4,3533,0.5303,0.324098954482247,NO
quinoa,AAAG_AAAG,23,8,3670,1.0735,0.846841253379059,NO
quinoa,AAAG_AAAG,24,8,3357,1.184,0.553279362546977,NO
quinoa,AAAG_AAAG,25,5,3395,0.7017,0.553243138051718,NO
quinoa,AAAG_AAAG,26,8,3878,1.01,1,NO
quinoa,AAAG_AAAG,27,8,3452,1.1484,0.691415886319792,NO
quinoa,AAAG_AAAG,28,9,3242,1.4032,0.309842754697562,NO
quinoa,AAAG_AAAG,29,11,3379,1.6867,0.10945566249893,NO
quinoa,AAAG_AAAG,30,6,3307,0.8783,1,NO
quinoa,AAAG_ACGT,0,1,480,0.7226,1,NO
quinoa,AAAG_ACGT,1,1,539,0.6404,1,NO
quinoa,AAAG_ACGT,2,1,593,0.5795,1,NO
quinoa,AAAG_ACGT,3,2,526,1.3525,0.661781480519916,NO
quinoa,AAAG_ACGT,4,3,675,1.6088,0.440722857301288,NO
quinoa,AAAG_ACGT,5,2,629,1.1214,0.700245053511113,NO
quinoa,AAAG_ACGT,6,0,520,0,0.403287371914583,NO
quinoa,AAAG_ACGT,7,3,469,2.3553,0.149568091723818,NO
quinoa,AAAG_ACGT,8,1,560,0.6153,1,NO
quinoa,AAAG_ACGT,9,1,464,0.7485,1,NO
quinoa,AAAG_ACGT,10,0,637,0,0.260694029799174,NO
quinoa,AAAG_ACGT,11,0,561,0,0.407976780026876,NO
quinoa,AAAG_ACGT,12,2,540,1.3159,0.666587856179,NO
quinoa,AAAG_ACGT,13,0,510,0,0.402806750984821,NO
quinoa,AAAG_ACGT,14,1,557,0.6188,1,NO
quinoa,AAAG_ACGT,15,0,511,0,0.40284237779297,NO
quinoa,AAAG_ACGT,16,0,508,0,0.402743907582096,NO
quinoa,AAAG_ACGT,17,3,509,2.1631,0.177229762478966,NO
quinoa,AAAG_ACGT,18,1,591,0.5815,1,NO
quinoa,AAAG_ACGT,19,2,541,1.3134,0.66693778265897,NO
quinoa,AAAG_ACGT,20,3,535,2.0535,0.195954720349623,NO
quinoa,AAAG_ACGT,21,1,526,0.6569,1,NO
quinoa,AAAG_ACGT,22,1,498,0.6955,1,NO
quinoa,AAAG_ACGT,23,2,544,1.3058,0.667992576383878,NO
quinoa,AAAG_ACGT,24,3,550,1.995,0.206986662239925,NO
quinoa,AAAG_ACGT,25,1,559,0.6165,1,NO
quinoa,AAAG_ACGT,26,4,614,2.4442,0.0968279611418952,NO
quinoa,AAAG_ACGT,27,4,571,2.6377,0.0789557306079018,NO
quinoa,AAAG_ACGT,28,1,542,0.6367,1,NO
quinoa,AAAG_ACGT,29,1,539,0.6404,1,NO
quinoa,AAAG_ACGT,30,1,689,0.4948,0.721220439607631,NO
