Species,Motif_Pair,Total_Promoters,Promoters_With_Pair,Percentage_%
chickpea,ACGT-ACGT,28876,1786,6.19
chickpea,ACGT-AAAG,28876,4537,15.71
chickpea,AAAG-AAAG,28876,17790,61.61
chickpea,AAAG-ACGT,28876,5006,17.34
arabidopsis,ACGT-ACGT,33466,4140,12.37
arabidopsis,ACGT-AAAG,33466,7957,23.78
arabidopsis,AAAG-AAAG,33466,23253,69.48
arabidopsis,AAAG-ACGT,33466,8654,25.86
pigeon_pea,ACGT-ACGT,32261,2811,8.71
pigeon_pea,ACGT-AAAG,32261,5708,17.69
pigeon_pea,AAAG-AAAG,32261,20684,64.11
pigeon_pea,AAAG-ACGT,32261,5944,18.42
sorghum,ACGT-ACGT,31704,4025,12.7
sorghum,ACGT-AAAG,31704,5445,17.17
sorghum,AAAG-AAAG,31704,15507,48.91
sorghum,AAAG-ACGT,31704,5677,17.91
cassava,ACGT-ACGT,33110,2153,6.5
cassava,ACGT-AAAG,33110,4977,15.03
cassava,AAAG-AAAG,33110,20584,62.17
cassava,AAAG-ACGT,33110,5240,15.83
quinoa,ACGT-ACGT,55329,4027,7.28
quinoa,ACGT-AAAG,55329,8753,15.82
quinoa,AAAG-AAAG,55329,33539,60.62
quinoa,AAAG-ACGT,55329,9151,16.54
