Motif_Pair,Distance_bp,Spacer_Count,Avg_Spacer_GC
AAAG_AAAG,1,21083,31.97
AAAG_AAAG,2,22824,31.85
AAAG_AAAG,3,19154,32.93
AAAG_AAAG,4,18233,32.42
AAAG_AAAG,5,17187,31.04
AAAG_AAAG,6,16998,30.89
AAAG_AAAG,7,15668,31.4
AAAG_AAAG,8,16530,31.48
AAAG_AAAG,9,15320,31.43
AAAG_AAAG,10,15012,31.26
AAAG_AAAG,11,15331,31.1
AAAG_AAAG,12,14636,30.91
AAAG_AAAG,13,14022,31.11
AAAG_AAAG,14,14878,31.75
AAAG_AAAG,15,14562,30.99
AAAG_AAAG,16,15257,30.96
AAAG_AAAG,17,16201,31.48
AAAG_AAAG,18,15311,31.26
AAAG_AAAG,19,14761,31.11
AAAG_AAAG,20,15212,31.26
AAAG_AAAG,21,14560,30.62
AAAG_AAAG,22,14167,30.99
AAAG_AAAG,23,14587,30.99
AAAG_AAAG,24,14263,30.95
AAAG_AAAG,25,14539,30.68
AAAG_AAAG,26,15422,30.93
AAAG_AAAG,27,14750,30.53
AAAG_AAAG,28,14008,30.74
AAAG_AAAG,29,14007,31.38
AAAG_AAAG,30,13878,31.37
AAAG_ACGT,1,2063,41.88
AAAG_ACGT,2,2835,40.49
AAAG_ACGT,3,2702,37.69
AAAG_ACGT,4,2714,37.38
AAAG_ACGT,5,2506,36.78
AAAG_ACGT,6,2809,34.83
AAAG_ACGT,7,2702,35.71
AAAG_ACGT,8,2474,36.9
AAAG_ACGT,9,2373,35.39
AAAG_ACGT,10,2505,35.9
AAAG_ACGT,11,2412,34.82
AAAG_ACGT,12,2382,35.33
AAAG_ACGT,13,2520,34.54
AAAG_ACGT,14,2342,35.06
AAAG_ACGT,15,2432,36.62
AAAG_ACGT,16,2462,35.57
AAAG_ACGT,17,2324,35.21
AAAG_ACGT,18,2573,35.65
AAAG_ACGT,19,2440,35.38
AAAG_ACGT,20,2417,35.46
AAAG_ACGT,21,2457,34.18
AAAG_ACGT,22,2437,34.92
AAAG_ACGT,23,2391,34.62
AAAG_ACGT,24,2408,34.89
AAAG_ACGT,25,2437,34.87
AAAG_ACGT,26,2478,34.83
AAAG_ACGT,27,2525,35.27
AAAG_ACGT,28,2517,35.03
AAAG_ACGT,29,2401,33.97
AAAG_ACGT,30,2587,34.68
ACGT_AAAG,1,2350,47.66
ACGT_AAAG,2,2489,41.78
ACGT_AAAG,3,2297,40.56
ACGT_AAAG,4,2232,37.86
ACGT_AAAG,5,2071,38.34
ACGT_AAAG,6,2237,37.3
ACGT_AAAG,7,2199,35.59
ACGT_AAAG,8,2161,36.94
ACGT_AAAG,9,2281,35.6
ACGT_AAAG,10,2298,36.34
ACGT_AAAG,11,2346,35.81
ACGT_AAAG,12,2444,36.73
ACGT_AAAG,13,2272,35.64
ACGT_AAAG,14,2213,35.39
ACGT_AAAG,15,2371,34.66
ACGT_AAAG,16,2601,34.66
ACGT_AAAG,17,2509,35.09
ACGT_AAAG,18,2287,34.72
ACGT_AAAG,19,2443,34.72
ACGT_AAAG,20,2282,34.52
ACGT_AAAG,21,2269,34.71
ACGT_AAAG,22,2289,34.06
ACGT_AAAG,23,2307,33.83
ACGT_AAAG,24,2437,34.6
ACGT_AAAG,25,2379,34.35
ACGT_AAAG,26,2400,34.58
ACGT_AAAG,27,2328,33.59
ACGT_AAAG,28,2398,34.48
ACGT_AAAG,29,2194,33.91
ACGT_AAAG,30,2184,34.44
ACGT_ACGT,1,1048,51.53
ACGT_ACGT,2,1439,45.24
ACGT_ACGT,3,1154,47.63
ACGT_ACGT,4,1303,45.57
ACGT_ACGT,5,1015,44.65
ACGT_ACGT,6,1492,40.66
ACGT_ACGT,7,1707,48.09
ACGT_ACGT,8,1690,46.09
ACGT_ACGT,9,1118,44.71
ACGT_ACGT,10,1015,41.03
ACGT_ACGT,11,1611,42.07
ACGT_ACGT,12,979,40.82
ACGT_ACGT,13,1111,40.01
ACGT_ACGT,14,1155,41.03
ACGT_ACGT,15,1379,40.84
ACGT_ACGT,16,1210,40.83
ACGT_ACGT,17,1251,41.48
ACGT_ACGT,18,1293,43.11
ACGT_ACGT,19,2002,52.24
ACGT_ACGT,20,1239,39.66
ACGT_ACGT,21,1457,39.29
ACGT_ACGT,22,1225,39.4
ACGT_ACGT,23,1117,40.65
ACGT_ACGT,24,1268,39.57
ACGT_ACGT,25,1165,39.69
ACGT_ACGT,26,1414,40.82
ACGT_ACGT,27,1216,40.22
ACGT_ACGT,28,1139,40.33
ACGT_ACGT,29,1197,39.58
ACGT_ACGT,30,1368,42.38
