Species,Gene_ID,Promoter_Length,GC_Percent
chickpea,LOC101512980,1000,29.2
chickpea,LOC101509769,1000,29.5
chickpea,LOC101503655,1000,24.4
chickpea,LOC101488673,1000,21.4
chickpea,LOC101501647,1000,25.8
chickpea,LOC101500909,1000,19.1
chickpea,LOC101512369,1000,26.4
chickpea,LOC101499450,1000,25.6
chickpea,LOC101507986,1000,30.9
chickpea,LOC101488254,1000,29.7
chickpea,LOC101505842,1000,27.3
chickpea,LOC101489276,1000,26.1
chickpea,LOC101500313,1000,30.1
chickpea,LOC101500629,1000,27.9
chickpea,LOC101514990,1000,27.0
chickpea,LOC101495964,1000,22.4
chickpea,LOC101498044,1000,27.2
chickpea,LOC101488407,1000,27.6
chickpea,GI,1000,25.1
chickpea,LOC101500742,1000,31.6
chickpea,LOC101492538,1000,26.8
chickpea,LOC101491985,1000,30.6
chickpea,LOC101493847,1000,25.8
chickpea,LOC101512214,1000,18.9
chickpea,LOC101513498,1000,32.5
chickpea,LOC101493857,1000,29.8
chickpea,LOC101490942,1000,17.2
chickpea,LOC101507934,1000,24.8
chickpea,LOC101488440,1000,25.8
chickpea,LOC101505799,1000,22.2
chickpea,LOC101494085,1000,26.9
chickpea,LOC101513718,1000,20.0
chickpea,LOC101511256,1000,28.7
chickpea,LOC101504293,1000,22.6
chickpea,LOC101492920,1000,19.9
chickpea,LOC101501545,1000,17.3
chickpea,LOC101503256,1000,21.9
chickpea,LOC101506254,1000,24.8
chickpea,LOC101506580,1000,21.7
chickpea,LOC101509887,1000,16.7
chickpea,LOC101510205,1000,24.5
chickpea,LOC101506915,1000,27.4
chickpea,LOC101498353,1000,24.1
chickpea,LOC101508627,1000,24.8
chickpea,LOC101494031,1000,22.4
chickpea,CAP2,1000,22.5
chickpea,LOC101515091,1000,19.7
chickpea,LOC101493076,1000,31.2
chickpea,LOC101500837,1000,22.2
chickpea,LOC101511316,1000,21.8
chickpea,LOC101505987,1000,26.5
arabidopsis,AT1G01470,1000,35.0
arabidopsis,AT1G01480,1000,30.9
arabidopsis,AT1G01620,1000,33.5
arabidopsis,AT1G02190,1000,40.2
arabidopsis,AT1G02205,1000,38.8
arabidopsis,AT1G02340,1000,28.6
arabidopsis,AT1G02730,1000,29.8
arabidopsis,AT1G02820,1000,33.1
arabidopsis,AT1G02930,1000,35.1
arabidopsis,AT1G03190,1000,35.3
arabidopsis,AT1G04400,1000,36.1
arabidopsis,AT1G04580,1000,38.6
arabidopsis,AT1G05180,1000,32.3
arabidopsis,AT1G05240,1000,26.3
arabidopsis,AT1G05250,1000,33.9
arabidopsis,AT1G05260,1000,28.5
arabidopsis,AT1G05850,1000,42.8
arabidopsis,AT1G06390,1000,32.5
arabidopsis,AT1G06770,1000,31.5
arabidopsis,AT1G07000,1000,40.9
arabidopsis,AT1G07200,1000,32.4
arabidopsis,AT1G07400,1000,40.3
arabidopsis,AT1G07645,1000,39.0
arabidopsis,AT1G07660,1000,42.3
arabidopsis,AT1G07820,1000,41.1
arabidopsis,AT1G07890,1000,39.1
arabidopsis,AT1G07980,1000,39.7
arabidopsis,AT1G08550,1000,40.0
arabidopsis,AT1G08720,1000,35.6
arabidopsis,AT1G08810,1000,30.5
arabidopsis,AT1G08920,1000,26.1
arabidopsis,AT1G08930,1000,31.0
arabidopsis,AT1G09080,1000,31.7
arabidopsis,AT1G09090,1000,30.3
arabidopsis,AT1G09530,1000,27.8
arabidopsis,AT1G11660,1000,30.9
arabidopsis,AT1G11755,1000,40.3
arabidopsis,AT1G12110,1000,29.3
arabidopsis,AT1G12610,1000,29.4
arabidopsis,AT1G13440,1000,30.1
arabidopsis,AT1G13740,1000,32.5
arabidopsis,AT1G13930,1000,29.8
arabidopsis,AT1G14310,1000,37.0
arabidopsis,AT1G14510,1000,29.5
arabidopsis,AT1G14980,1000,39.6
arabidopsis,AT1G15360,1000,32.3
arabidopsis,AT1G15380,1000,26.3
arabidopsis,AT1G15520,1000,31.9
arabidopsis,AT1G15690,1000,32.3
arabidopsis,AT1G16030,1000,37.8
arabidopsis,AT1G16060,1000,28.3
arabidopsis,AT1G16540,1000,27.1
arabidopsis,AT1G16970,1000,26.4
arabidopsis,AT1G17780,1000,25.8
arabidopsis,AT1G17950,1000,30.7
arabidopsis,AT1G18160,1000,33.7
arabidopsis,AT1G18350,1000,29.2
arabidopsis,AT1G18710,1000,26.3
arabidopsis,AT1G19020,1000,35.2
arabidopsis,AT1G19120,1000,27.4
arabidopsis,AT1G19490,1000,40.4
arabidopsis,AT1G19790,1000,28.7
arabidopsis,AT1G20440,1000,28.6
arabidopsis,AT1G20450,1000,31.7
arabidopsis,AT1G20840,1000,25.2
arabidopsis,AT1G21760,1000,37.4
arabidopsis,AT1G22190,1000,28.8
arabidopsis,AT1G22770,1000,32.8
arabidopsis,AT1G22882,1000,37.4
arabidopsis,AT1G22885,1000,42.2
arabidopsis,AT1G22890,1000,32.4
arabidopsis,AT1G27320,1000,28.6
arabidopsis,AT1G27370,1000,31.5
arabidopsis,AT1G27730,1000,33.5
arabidopsis,AT1G28210,1000,19.8
arabidopsis,AT1G28520,1000,27.5
arabidopsis,AT1G29290,1000,32.3
arabidopsis,AT1G30100,1000,28.9
arabidopsis,AT1G30270,1000,25.1
arabidopsis,AT1G30650,1000,25.8
arabidopsis,AT1G30870,1000,28.8
arabidopsis,AT1G31690,1000,28.9
arabidopsis,AT1G31710,1000,30.4
arabidopsis,AT1G32230,1000,28.0
arabidopsis,AT1G32330,1000,27.2
arabidopsis,AT1G32560,1000,39.7
arabidopsis,AT1G32583,1000,37.3
arabidopsis,AT1G33240,1000,33.6
arabidopsis,AT1G33560,1000,32.5
arabidopsis,AT1G34510,1000,33.4
arabidopsis,AT1G35460,1000,28.8
arabidopsis,AT1G35720,1000,34.6
arabidopsis,AT1G36390,1000,28.2
arabidopsis,AT1G36730,1000,22.7
arabidopsis,AT1G43160,1000,28.3
arabidopsis,AT1G43910,1000,29.3
arabidopsis,AT1G45249,1000,24.2
arabidopsis,AT1G46768,1000,34.5
arabidopsis,AT1G47128,1000,27.1
arabidopsis,AT1G48050,1000,28.8
arabidopsis,AT1G48180,1000,43.2
arabidopsis,AT1G49130,1000,32.9
arabidopsis,AT1G49230,1000,34.5
arabidopsis,AT1G50500,1000,37.0
arabidopsis,AT1G51140,1000,27.1
arabidopsis,AT1G51190,1000,32.2
arabidopsis,AT1G51670,1000,40.0
arabidopsis,AT1G52340,1000,36.0
arabidopsis,AT1G52400,1000,25.8
arabidopsis,AT1G52560,1000,28.2
arabidopsis,AT1G52690,1000,34.8
arabidopsis,AT1G52890,1000,32.1
arabidopsis,AT1G53540,1000,37.4
arabidopsis,AT1G54050,1000,41.3
arabidopsis,AT1G54160,1000,25.6
arabidopsis,AT1G54490,1000,31.0
arabidopsis,AT1G55610,1000,28.1
arabidopsis,AT1G56260,1000,32.1
arabidopsis,AT1G56280,1000,37.2
arabidopsis,AT1G56410,1000,30.0
arabidopsis,AT1G56600,1000,32.5
arabidopsis,AT1G58340,1000,27.6
arabidopsis,AT1G58440,1000,33.8
arabidopsis,AT1G59860,1000,30.4
arabidopsis,AT1G59870,1000,34.8
arabidopsis,AT1G60200,1000,34.3
arabidopsis,AT1G60650,1000,37.2
arabidopsis,AT1G62280,1000,30.8
arabidopsis,AT1G62660,1000,25.1
arabidopsis,AT1G62810,1000,34.0
arabidopsis,AT1G63490,1000,26.0
arabidopsis,AT1G64280,1000,27.9
arabidopsis,AT1G64520,1000,40.1
arabidopsis,AT1G65484,1000,35.9
arabidopsis,AT1G65486,1000,29.9
arabidopsis,AT1G65500,1000,32.0
arabidopsis,AT1G65850,1000,26.7
arabidopsis,AT1G66340,1000,26.1
arabidopsis,AT1G68090,1000,40.8
arabidopsis,AT1G68760,1000,27.6
arabidopsis,AT1G68820,1000,28.6
arabidopsis,AT1G69270,1000,30.5
arabidopsis,AT1G69310,1000,31.7
arabidopsis,AT1G69580,1000,21.6
arabidopsis,AT1G69600,1000,32.6
arabidopsis,AT1G69700,1000,28.5
arabidopsis,AT1G71695,1000,33.8
arabidopsis,AT1G71790,1000,41.3
arabidopsis,AT1G71960,1000,24.6
arabidopsis,AT1G72290,1000,37.5
arabidopsis,AT1G72360,1000,26.0
arabidopsis,AT1G72450,1000,33.9
arabidopsis,AT1G72860,1000,36.4
arabidopsis,AT1G73130,1000,26.6
arabidopsis,AT1G73330,1000,21.9
arabidopsis,AT1G73500,1000,29.9
arabidopsis,AT1G73660,1000,28.5
arabidopsis,AT1G74080,1000,22.5
arabidopsis,AT1G74310,1000,32.5
arabidopsis,AT1G74430,1000,28.7
arabidopsis,AT1G74520,1000,36.5
arabidopsis,AT1G74920,1000,33.6
arabidopsis,AT1G75080,1000,35.3
arabidopsis,AT1G75380,1000,27.7
arabidopsis,AT1G76080,1000,35.2
arabidopsis,AT1G76180,1000,29.8
arabidopsis,AT1G77100,1000,31.4
arabidopsis,AT1G77120,1000,32.1
arabidopsis,AT1G78080,1000,23.5
arabidopsis,AT1G79350,1000,38.9
arabidopsis,AT1G79440,1000,37.5
arabidopsis,AT1G79550,1000,41.1
arabidopsis,AT1G79600,1000,37.2
arabidopsis,AT1G79930,1000,30.8
arabidopsis,AT1G80030,1000,38.3
arabidopsis,AT1G80410,1000,37.5
arabidopsis,AT1G80710,1000,38.1
arabidopsis,AT2G01650,1000,27.2
arabidopsis,AT2G01760,1000,39.4
arabidopsis,AT2G01830,1000,27.5
arabidopsis,AT2G03440,1000,33.1
arabidopsis,AT2G04030,1000,26.4
arabidopsis,AT2G04850,1000,36.2
arabidopsis,AT2G05620,1000,35.1
arabidopsis,AT2G13570,1000,35.2
arabidopsis,AT2G14260,1000,30.6
arabidopsis,AT2G14610,1000,27.4
arabidopsis,AT2G16575,1000,28.1
arabidopsis,AT2G16600,1000,35.5
arabidopsis,AT2G17060,1000,32.1
arabidopsis,AT2G17690,1000,31.4
arabidopsis,AT2G17820,1000,27.1
arabidopsis,AT2G17840,1000,30.4
arabidopsis,AT2G18050,1000,24.0
arabidopsis,AT2G18190,1000,30.1
arabidopsis,AT2G18193,1000,30.8
arabidopsis,AT2G18340,1000,44.2
arabidopsis,AT2G18790,1000,33.1
arabidopsis,AT2G18960,1000,22.1
arabidopsis,AT2G19310,1000,35.6
arabidopsis,AT2G19540,1000,36.1
arabidopsis,AT2G20180,1000,27.3
arabidopsis,AT2G21490,1000,35.9
arabidopsis,AT2G21660,1000,34.3
arabidopsis,AT2G22125,1000,27.1
arabidopsis,AT2G22360,1000,41.7
arabidopsis,AT2G22430,1000,28.0
arabidopsis,AT2G23290,1000,27.5
arabidopsis,AT2G23980,1000,33.5
arabidopsis,AT2G24800,1000,27.9
arabidopsis,AT2G25090,1000,29.4
arabidopsis,AT2G25140,1000,36.9
arabidopsis,AT2G25170,1000,30.9
arabidopsis,AT2G25180,1000,26.9
arabidopsis,AT2G25625,1000,27.8
arabidopsis,AT2G26150,1000,34.6
arabidopsis,AT2G26650,1000,30.5
arabidopsis,AT2G26690,1000,30.1
arabidopsis,AT2G26740,1000,23.1
arabidopsis,AT2G27300,1000,28.9
arabidopsis,AT2G27470,1000,40.3
arabidopsis,AT2G27580,1000,39.1
arabidopsis,AT2G28625,1000,27.9
arabidopsis,AT2G28710,1000,31.9
arabidopsis,AT2G28740,1000,31.5
arabidopsis,AT2G28840,1000,28.3
arabidopsis,AT2G29130,1000,28.5
arabidopsis,AT2G29500,1000,36.4
arabidopsis,AT2G29970,1000,29.7
arabidopsis,AT2G30580,1000,25.6
arabidopsis,AT2G30870,1000,32.6
arabidopsis,AT2G30980,1000,30.1
arabidopsis,AT2G31130,1000,21.3
arabidopsis,AT2G31260,1000,22.9
arabidopsis,AT2G31470,1000,39.3
arabidopsis,AT2G31650,1000,29.0
arabidopsis,AT2G31870,1000,30.0
arabidopsis,AT2G32120,1000,30.7
arabidopsis,AT2G32150,1000,31.0
arabidopsis,AT2G32700,1000,29.3
arabidopsis,AT2G32800,1000,29.7
arabidopsis,AT2G33230,1000,31.0
arabidopsis,AT2G33590,1000,37.8
arabidopsis,AT2G33700,1000,37.6
arabidopsis,AT2G34060,1000,35.5
arabidopsis,AT2G35300,1000,30.6
arabidopsis,AT2G35930,1000,32.7
arabidopsis,AT2G36270,1000,33.9
arabidopsis,AT2G37130,1000,26.7
arabidopsis,AT2G37170,1000,28.7
arabidopsis,AT2G37180,1000,28.1
arabidopsis,AT2G37430,1000,32.3
arabidopsis,AT2G37700,1000,36.0
arabidopsis,AT2G37760,1000,35.2
arabidopsis,AT2G37770,1000,30.8
arabidopsis,AT2G38170,1000,31.7
arabidopsis,AT2G38340,1000,36.1
arabidopsis,AT2G38470,1000,31.8
arabidopsis,AT2G38530,1000,29.6
arabidopsis,AT2G38560,1000,36.1
arabidopsis,AT2G38750,1000,29.2
arabidopsis,AT2G38760,1000,28.9
arabidopsis,AT2G38880,1000,30.0
arabidopsis,AT2G39040,1000,29.5
arabidopsis,AT2G39550,1000,30.7
arabidopsis,AT2G39720,1000,30.7
arabidopsis,AT2G39770,1000,27.1
arabidopsis,AT2G39800,1000,33.7
arabidopsis,AT2G40116,1000,33.6
arabidopsis,AT2G40130,1000,31.5
arabidopsis,AT2G40220,1000,31.5
arabidopsis,AT2G40880,1000,41.9
arabidopsis,AT2G40950,1000,29.1
arabidopsis,AT2G41010,1000,28.3
arabidopsis,AT2G41070,1000,34.8
arabidopsis,AT2G41240,1000,32.2
arabidopsis,AT2G41430,1000,33.2
arabidopsis,AT2G41480,1000,27.3
arabidopsis,AT2G41870,1000,35.0
arabidopsis,AT2G42540,1000,32.9
arabidopsis,AT2G42620,1000,28.9
arabidopsis,AT2G43010,1000,30.6
arabidopsis,AT2G43130,1000,28.5
arabidopsis,AT2G43480,1000,30.4
arabidopsis,AT2G45960,1000,33.0
arabidopsis,AT2G46140,1000,27.3
arabidopsis,AT2G46240,1000,38.6
arabidopsis,AT2G46620,1000,28.5
arabidopsis,AT2G46680,1000,30.6
arabidopsis,AT2G46830,1000,38.3
arabidopsis,AT2G47180,1000,35.4
arabidopsis,AT2G47190,1000,29.2
arabidopsis,AT2G47460,1000,35.8
arabidopsis,AT2G47520,1000,39.3
arabidopsis,AT2G47800,1000,29.9
arabidopsis,AT3G01190,1000,31.3
arabidopsis,AT3G02130,1000,30.2
arabidopsis,AT3G02480,1000,31.6
arabidopsis,AT3G02550,1000,30.2
arabidopsis,AT3G02790,1000,36.9
arabidopsis,AT3G02840,1000,30.3
arabidopsis,AT3G02885,1000,30.2
arabidopsis,AT3G03670,1000,28.1
arabidopsis,AT3G03773,1000,28.0
arabidopsis,AT3G04120,1000,37.2
arabidopsis,AT3G05640,1000,32.2
arabidopsis,AT3G05690,1000,29.7
arabidopsis,AT3G05700,1000,38.9
arabidopsis,AT3G06010,1000,34.4
arabidopsis,AT3G07660,1000,26.5
arabidopsis,AT3G07800,1000,27.9
arabidopsis,AT3G07930,1000,35.2
arabidopsis,AT3G08510,1000,33.9
arabidopsis,AT3G08720,1000,40.1
arabidopsis,AT3G08770,1000,32.4
arabidopsis,AT3G08970,1000,43.2
arabidopsis,AT3G09350,1000,38.2
arabidopsis,AT3G09440,1000,33.8
arabidopsis,AT3G09940,1000,27.5
arabidopsis,AT3G10140,1000,34.6
arabidopsis,AT3G10800,1000,34.4
arabidopsis,AT3G11020,1000,30.8
arabidopsis,AT3G11130,1000,28.5
arabidopsis,AT3G11410,1000,34.5
arabidopsis,AT3G12490,1000,41.0
arabidopsis,AT3G12580,1000,30.5
arabidopsis,AT3G12630,1000,33.2
arabidopsis,AT3G12960,1000,37.8
arabidopsis,AT3G13380,1000,30.3
arabidopsis,AT3G13437,1000,30.3
arabidopsis,AT3G14080,1000,34.4
arabidopsis,AT3G14440,1000,32.1
arabidopsis,AT3G15280,1000,42.4
arabidopsis,AT3G15500,1000,31.7
arabidopsis,AT3G16800,1000,29.6
arabidopsis,AT3G16857,1000,26.8
arabidopsis,AT3G16920,1000,33.2
arabidopsis,AT3G16940,1000,34.3
arabidopsis,AT3G17070,1000,27.5
arabidopsis,AT3G17520,1000,40.8
arabidopsis,AT3G17830,1000,22.1
arabidopsis,AT3G17880,1000,36.4
arabidopsis,AT3G18490,1000,31.6
arabidopsis,AT3G18520,1000,31.3
arabidopsis,AT3G19290,1000,27.5
arabidopsis,AT3G19580,1000,31.3
arabidopsis,AT3G19600,1000,32.1
arabidopsis,AT3G20310,1000,32.6
arabidopsis,AT3G20840,1000,28.9
arabidopsis,AT3G21770,1000,23.5
arabidopsis,AT3G22310,1000,38.9
arabidopsis,AT3G22330,1000,36.1
arabidopsis,AT3G22380,1000,27.9
arabidopsis,AT3G22490,1000,38.0
arabidopsis,AT3G23000,1000,22.6
arabidopsis,AT3G23050,1000,29.8
arabidopsis,AT3G23250,1000,24.9
arabidopsis,AT3G23540,1000,30.9
arabidopsis,AT3G23830,1000,28.6
arabidopsis,AT3G23920,1000,31.7
arabidopsis,AT3G23990,1000,29.3
arabidopsis,AT3G24120,1000,22.3
arabidopsis,AT3G24320,1000,33.8
arabidopsis,AT3G24500,1000,44.8
arabidopsis,AT3G25230,1000,27.9
arabidopsis,AT3G25290,1000,27.9
arabidopsis,AT3G26090,1000,37.7
arabidopsis,AT3G26830,1000,27.7
arabidopsis,AT3G27550,1000,38.7
arabidopsis,AT3G28030,1000,25.3
arabidopsis,AT3G28510,1000,30.5
arabidopsis,AT3G28520,1000,23.9
arabidopsis,AT3G28540,1000,28.9
arabidopsis,AT3G28570,1000,27.8
arabidopsis,AT3G28580,1000,34.1
arabidopsis,AT3G28600,1000,25.6
arabidopsis,AT3G28610,1000,28.0
arabidopsis,AT3G28910,1000,30.3
arabidopsis,AT3G29320,1000,33.5
arabidopsis,AT3G30775,1000,26.0
arabidopsis,AT3G42570,1000,28.2
arabidopsis,AT3G43670,1000,21.5
arabidopsis,AT3G44110,1000,27.0
arabidopsis,AT3G44290,1000,22.5
arabidopsis,AT3G44400,1000,42.6
arabidopsis,AT3G44990,1000,27.3
arabidopsis,AT3G45140,1000,32.7
arabidopsis,AT3G45930,1000,34.8
arabidopsis,AT3G46070,1000,32.9
arabidopsis,AT3G46080,1000,27.4
arabidopsis,AT3G46090,1000,31.9
arabidopsis,AT3G46230,1000,31.9
arabidopsis,AT3G46320,1000,34.2
arabidopsis,AT3G46430,1000,30.5
arabidopsis,AT3G46620,1000,34.5
arabidopsis,AT3G46760,1000,35.7
arabidopsis,AT3G46930,1000,36.5
arabidopsis,AT3G46970,1000,37.6
arabidopsis,AT3G47020,1000,40.9
arabidopsis,AT3G47340,1000,31.0
arabidopsis,AT3G47600,1000,31.4
arabidopsis,AT3G47860,1000,31.1
arabidopsis,AT3G48170,1000,31.7
arabidopsis,AT3G48430,1000,30.3
arabidopsis,AT3G49190,1000,30.5
arabidopsis,AT3G49210,1000,24.8
arabidopsis,AT3G50310,1000,26.4
arabidopsis,AT3G50500,1000,32.9
arabidopsis,AT3G50930,1000,30.8
arabidopsis,AT3G50940,1000,28.3
arabidopsis,AT3G50970,1000,36.0
arabidopsis,AT3G50980,1000,37.9
arabidopsis,AT3G51780,1000,36.6
arabidopsis,AT3G51860,1000,29.6
arabidopsis,AT3G51910,1000,30.9
arabidopsis,AT3G51920,1000,32.1
arabidopsis,AT3G52150,1000,41.9
arabidopsis,AT3G52450,1000,31.9
arabidopsis,AT3G53110,1000,33.0
arabidopsis,AT3G53400,1000,33.5
arabidopsis,AT3G53420,1000,29.4
arabidopsis,AT3G53600,1000,35.1
arabidopsis,AT3G53730,1000,35.6
arabidopsis,AT3G53770,1000,33.4
arabidopsis,AT3G53990,1000,29.3
arabidopsis,AT3G54430,1000,39.8
arabidopsis,AT3G54770,1000,32.2
arabidopsis,AT3G55530,1000,32.8
arabidopsis,AT3G55940,1000,34.2
arabidopsis,AT3G55990,1000,30.6
arabidopsis,AT3G56200,1000,33.4
arabidopsis,AT3G56580,1000,38.9
arabidopsis,AT3G56660,1000,33.5
arabidopsis,AT3G57540,1000,35.8
arabidopsis,AT3G57600,1000,33.1
arabidopsis,AT3G59070,1000,27.2
arabidopsis,AT3G59380,1000,27.2
arabidopsis,AT3G61050,1000,30.8
arabidopsis,AT3G61190,1000,25.3
arabidopsis,AT3G61430,1000,34.4
arabidopsis,AT3G61890,1000,31.1
arabidopsis,AT3G62770,1000,30.9
arabidopsis,AT3G63060,1000,43.4
arabidopsis,AT3G63350,1000,40.3
arabidopsis,AT4G00210,1000,35.0
arabidopsis,AT4G00430,1000,24.3
arabidopsis,AT4G00990,1000,36.6
arabidopsis,AT4G01420,1000,32.0
arabidopsis,AT4G02280,1000,35.1
arabidopsis,AT4G02380,1000,24.1
arabidopsis,AT4G02450,1000,37.6
arabidopsis,AT4G04330,1000,28.5
arabidopsis,AT4G04860,1000,32.4
arabidopsis,AT4G04950,1000,23.0
arabidopsis,AT4G05380,1000,33.3
arabidopsis,AT4G06634,1000,31.6
arabidopsis,AT4G08450,1000,30.7
arabidopsis,AT4G08920,1000,27.5
arabidopsis,AT4G10250,1000,36.4
arabidopsis,AT4G11070,1000,28.5
arabidopsis,AT4G11170,1000,25.0
arabidopsis,AT4G11230,1000,24.1
arabidopsis,AT4G11260,1000,35.8
arabidopsis,AT4G11280,1000,27.8
arabidopsis,AT4G11290,1000,27.2
arabidopsis,AT4G11890,1000,31.4
arabidopsis,AT4G12290,1000,34.2
arabidopsis,AT4G12740,1000,36.9
arabidopsis,AT4G13550,1000,33.8
arabidopsis,AT4G13670,1000,31.5
arabidopsis,AT4G13850,1000,27.7
arabidopsis,AT4G14540,1000,41.2
arabidopsis,AT4G14580,1000,26.0
arabidopsis,AT4G15802,1000,37.3
arabidopsis,AT4G15910,1000,36.3
arabidopsis,AT4G16150,1000,27.6
arabidopsis,AT4G16660,1000,37.4
arabidopsis,AT4G16940,1000,39.2
arabidopsis,AT4G17230,1000,28.6
arabidopsis,AT4G17410,1000,42.5
arabidopsis,AT4G17615,1000,30.8
arabidopsis,AT4G17750,1000,39.0
arabidopsis,AT4G18280,1000,30.3
arabidopsis,AT4G18710,1000,25.9
arabidopsis,AT4G18780,1000,30.3
arabidopsis,AT4G19510,1000,31.1
arabidopsis,AT4G20260,1000,28.2
arabidopsis,AT4G20350,1000,36.9
arabidopsis,AT4G21320,1000,38.1
arabidopsis,AT4G21810,1000,41.1
arabidopsis,AT4G21870,1000,36.6
arabidopsis,AT4G21960,1000,29.0
arabidopsis,AT4G22330,1000,34.9
arabidopsis,AT4G23100,1000,28.1
arabidopsis,AT4G23130,1000,34.0
arabidopsis,AT4G23180,1000,29.3
arabidopsis,AT4G23200,1000,34.7
arabidopsis,AT4G23290,1000,34.1
arabidopsis,AT4G23400,1000,27.0
arabidopsis,AT4G23450,1000,29.0
arabidopsis,AT4G23810,1000,25.4
arabidopsis,AT4G24020,1000,25.3
arabidopsis,AT4G24190,1000,38.7
arabidopsis,AT4G24275,1000,25.1
arabidopsis,AT4G24280,1000,34.8
arabidopsis,AT4G24480,1000,29.5
arabidopsis,AT4G24960,1000,32.1
arabidopsis,AT4G25200,1000,37.3
arabidopsis,AT4G25480,1000,30.2
arabidopsis,AT4G25490,1000,33.7
arabidopsis,AT4G25620,1000,32.7
arabidopsis,AT4G25835,1000,35.6
arabidopsis,AT4G25980,1000,35.8
arabidopsis,AT4G26010,1000,32.9
arabidopsis,AT4G26070,1000,26.0
arabidopsis,AT4G26080,1000,24.6
arabidopsis,AT4G26555,1000,39.0
arabidopsis,AT4G26780,1000,35.0
arabidopsis,AT4G26840,1000,34.4
arabidopsis,AT4G26850,1000,28.7
arabidopsis,AT4G26990,1000,38.6
arabidopsis,AT4G27010,1000,47.6
arabidopsis,AT4G27410,1000,32.2
arabidopsis,AT4G27670,1000,29.5
arabidopsis,AT4G27720,1000,41.2
arabidopsis,AT4G28140,1000,32.3
arabidopsis,AT4G28680,1000,28.1
arabidopsis,AT4G29040,1000,30.4
arabidopsis,AT4G29330,1000,29.4
arabidopsis,AT4G29520,1000,38.6
arabidopsis,AT4G29760,1000,33.5
arabidopsis,AT4G29770,1000,34.6
arabidopsis,AT4G30250,1000,27.8
arabidopsis,AT4G30960,1000,31.8
arabidopsis,AT4G31390,1000,33.5
arabidopsis,AT4G31760,1000,36.8
arabidopsis,AT4G31920,1000,29.1
arabidopsis,AT4G32551,1000,29.2
arabidopsis,AT4G33420,1000,32.8
arabidopsis,AT4G33870,1000,28.3
arabidopsis,AT4G33950,1000,28.0
arabidopsis,AT4G34000,1000,33.7
arabidopsis,AT4G34100,1000,37.0
arabidopsis,AT4G34240,1000,35.9
arabidopsis,AT4G34890,1000,37.2
arabidopsis,AT4G35300,1000,28.3
arabidopsis,AT4G35987,1000,26.7
arabidopsis,AT4G36020,1000,41.1
arabidopsis,AT4G36150,1000,39.2
arabidopsis,AT4G36600,1000,29.0
arabidopsis,AT4G36990,1000,27.1
arabidopsis,AT4G37790,1000,30.5
arabidopsis,AT4G37840,1000,30.4
arabidopsis,AT4G37910,1000,36.2
arabidopsis,AT4G38410,1000,39.1
arabidopsis,AT4G38530,1000,29.8
arabidopsis,AT4G38630,1000,40.8
arabidopsis,AT4G38680,1000,32.1
arabidopsis,AT4G39090,1000,32.7
arabidopsis,AT4G39130,1000,37.1
arabidopsis,AT4G39400,1000,30.3
arabidopsis,AT4G39730,1000,28.0
arabidopsis,AT4G39950,1000,30.1
arabidopsis,AT4G39960,1000,21.3
arabidopsis,AT5G01290,1000,30.2
arabidopsis,AT5G01820,1000,29.6
arabidopsis,AT5G02490,1000,31.8
arabidopsis,AT5G02500,1000,33.5
arabidopsis,AT5G03190,1000,33.5
arabidopsis,AT5G03280,1000,23.7
arabidopsis,AT5G03720,1000,35.9
arabidopsis,AT5G03730,1000,28.5
arabidopsis,AT5G03740,1000,31.4
arabidopsis,AT5G04280,1000,32.5
arabidopsis,AT5G04890,1000,38.3
arabidopsis,AT5G05410,1000,35.7
arabidopsis,AT5G05630,1000,34.9
arabidopsis,AT5G05690,1000,27.8
arabidopsis,AT5G06530,1000,30.1
arabidopsis,AT5G06760,1000,41.9
arabidopsis,AT5G06780,1000,27.6
arabidopsis,AT5G07690,1000,25.7
arabidopsis,AT5G07700,1000,31.1
arabidopsis,AT5G08000,1000,39.9
arabidopsis,AT5G08120,1000,23.9
arabidopsis,AT5G08490,1000,38.5
arabidopsis,AT5G08520,1000,30.8
arabidopsis,AT5G08620,1000,39.5
arabidopsis,AT5G09410,1000,40.8
arabidopsis,AT5G09590,1000,38.7
arabidopsis,AT5G09830,1000,44.0
arabidopsis,AT5G10010,1000,33.0
arabidopsis,AT5G10100,1000,35.5
arabidopsis,AT5G10220,1000,25.6
arabidopsis,AT5G10230,1000,27.2
arabidopsis,AT5G10240,1000,36.6
arabidopsis,AT5G11270,1000,40.5
arabidopsis,AT5G11850,1000,33.3
arabidopsis,AT5G12020,1000,30.7
arabidopsis,AT5G12030,1000,39.2
arabidopsis,AT5G12290,1000,36.7
arabidopsis,AT5G12380,1000,37.5
arabidopsis,AT5G12420,1000,28.7
arabidopsis,AT5G13030,1000,36.0
arabidopsis,AT5G13240,1000,30.7
arabidopsis,AT5G13330,1000,34.0
arabidopsis,AT5G13750,1000,30.9
arabidopsis,AT5G13780,1000,37.3
arabidopsis,AT5G14340,1000,28.2
arabidopsis,AT5G14730,1000,27.8
arabidopsis,AT5G14800,1000,46.5
arabidopsis,AT5G15180,1000,33.3
arabidopsis,AT5G15450,1000,36.7
arabidopsis,AT5G15960,1000,31.0
arabidopsis,AT5G15970,1000,32.0
arabidopsis,AT5G16820,1000,38.7
arabidopsis,AT5G17020,1000,27.4
arabidopsis,AT5G17050,1000,23.5
arabidopsis,AT5G17730,1000,20.5
arabidopsis,AT5G17740,1000,33.7
arabidopsis,AT5G17750,1000,37.0
arabidopsis,AT5G17760,1000,32.0
arabidopsis,AT5G17820,1000,28.7
arabidopsis,AT5G17960,1000,31.1
arabidopsis,AT5G18040,1000,30.1
arabidopsis,AT5G18065,1000,22.7
arabidopsis,AT5G19730,1000,33.8
arabidopsis,AT5G20510,1000,36.8
arabidopsis,AT5G20830,1000,22.1
arabidopsis,AT5G21280,1000,30.0
arabidopsis,AT5G22060,1000,23.9
arabidopsis,AT5G22290,1000,30.1
arabidopsis,AT5G22410,1000,29.4
arabidopsis,AT5G22690,1000,39.3
arabidopsis,AT5G23010,1000,24.0
arabidopsis,AT5G23070,1000,24.7
arabidopsis,AT5G23570,1000,19.3
arabidopsis,AT5G23680,1000,32.1
arabidopsis,AT5G24030,1000,22.7
arabidopsis,AT5G24070,1000,29.0
arabidopsis,AT5G24110,1000,27.3
arabidopsis,AT5G24470,1000,28.0
arabidopsis,AT5G24660,1000,25.6
arabidopsis,AT5G25370,1000,26.2
arabidopsis,AT5G26340,1000,29.1
arabidopsis,AT5G26742,1000,25.3
arabidopsis,AT5G26990,1000,39.6
arabidopsis,AT5G27380,1000,32.8
arabidopsis,AT5G27620,1000,30.0
arabidopsis,AT5G27930,1000,25.7
arabidopsis,AT5G28540,1000,29.4
arabidopsis,AT5G35700,1000,27.5
arabidopsis,AT5G35750,1000,27.9
arabidopsis,AT5G36920,1000,32.6
arabidopsis,AT5G36925,1000,33.3
arabidopsis,AT5G37300,1000,27.8
arabidopsis,AT5G37500,1000,29.8
arabidopsis,AT5G37670,1000,28.4
arabidopsis,AT5G37770,1000,23.7
arabidopsis,AT5G38340,1000,25.6
arabidopsis,AT5G38710,1000,23.9
arabidopsis,AT5G38760,1000,27.5
arabidopsis,AT5G38820,1000,35.3
arabidopsis,AT5G39580,1000,33.7
arabidopsis,AT5G40000,1000,28.2
arabidopsis,AT5G40010,1000,26.6
arabidopsis,AT5G40280,1000,31.3
arabidopsis,AT5G40390,1000,25.9
arabidopsis,AT5G41340,1000,22.9
arabidopsis,AT5G42020,1000,34.3
arabidopsis,AT5G42180,1000,27.9
arabidopsis,AT5G42380,1000,29.3
arabidopsis,AT5G42980,1000,29.8
arabidopsis,AT5G44070,1000,31.4
arabidopsis,AT5G44650,1000,31.0
arabidopsis,AT5G45200,1000,35.8
arabidopsis,AT5G45230,1000,28.4
arabidopsis,AT5G45340,1000,29.4
arabidopsis,AT5G45710,1000,27.3
arabidopsis,AT5G46270,1000,30.5
arabidopsis,AT5G46320,1000,25.9
arabidopsis,AT5G47100,1000,27.7
arabidopsis,AT5G47120,1000,38.8
arabidopsis,AT5G47210,1000,37.2
arabidopsis,AT5G47530,1000,32.4
arabidopsis,AT5G47640,1000,44.1
arabidopsis,AT5G47670,1000,43.3
arabidopsis,AT5G47910,1000,26.8
arabidopsis,AT5G48030,1000,40.5
arabidopsis,AT5G48750,1000,34.7
arabidopsis,AT5G48770,1000,39.8
arabidopsis,AT5G48870,1000,35.3
arabidopsis,AT5G49140,1000,30.0
arabidopsis,AT5G49910,1000,30.9
arabidopsis,AT5G50480,1000,26.1
arabidopsis,AT5G50720,1000,26.5
arabidopsis,AT5G51190,1000,34.5
arabidopsis,AT5G51440,1000,43.7
arabidopsis,AT5G51890,1000,28.9
arabidopsis,AT5G52300,1000,40.9
arabidopsis,AT5G52310,1000,26.5
arabidopsis,AT5G52640,1000,40.9
arabidopsis,AT5G53000,1000,39.4
arabidopsis,AT5G53170,1000,41.5
arabidopsis,AT5G53380,1000,30.8
arabidopsis,AT5G53400,1000,32.3
arabidopsis,AT5G53820,1000,39.7
arabidopsis,AT5G54230,1000,30.7
arabidopsis,AT5G55120,1000,34.9
arabidopsis,AT5G55160,1000,34.5
arabidopsis,AT5G56010,1000,20.8
arabidopsis,AT5G56030,1000,36.7
arabidopsis,AT5G57050,1000,28.9
arabidopsis,AT5G57480,1000,28.6
arabidopsis,AT5G57560,1000,30.0
arabidopsis,AT5G57800,1000,26.8
arabidopsis,AT5G58070,1000,40.2
arabidopsis,AT5G58430,1000,38.1
arabidopsis,AT5G58670,1000,34.6
arabidopsis,AT5G58690,1000,34.0
arabidopsis,AT5G58700,1000,30.8
arabidopsis,AT5G59220,1000,28.2
arabidopsis,AT5G59310,1000,30.9
arabidopsis,AT5G59320,1000,26.8
arabidopsis,AT5G59550,1000,34.4
arabidopsis,AT5G59613,1000,35.8
arabidopsis,AT5G59690,1000,36.6
arabidopsis,AT5G59720,1000,35.8
arabidopsis,AT5G59820,1000,32.0
arabidopsis,AT5G59970,1000,40.5
arabidopsis,AT5G60410,1000,32.5
arabidopsis,AT5G60890,1000,28.1
arabidopsis,AT5G60970,1000,27.8
arabidopsis,AT5G61420,1000,28.1
arabidopsis,AT5G61590,1000,27.4
arabidopsis,AT5G62470,1000,28.6
arabidopsis,AT5G63460,1000,37.3
arabidopsis,AT5G63870,1000,35.8
arabidopsis,AT5G63980,1000,34.6
arabidopsis,AT5G64010,1000,40.5
arabidopsis,AT5G64060,1000,27.8
arabidopsis,AT5G64100,1000,28.6
arabidopsis,AT5G64110,1000,29.0
arabidopsis,AT5G64120,1000,30.3
arabidopsis,AT5G64510,1000,37.4
arabidopsis,AT5G64960,1000,38.4
arabidopsis,AT5G65010,1000,37.8
arabidopsis,AT5G65020,1000,26.5
arabidopsis,AT5G65300,1000,30.4
arabidopsis,AT5G65730,1000,31.8
arabidopsis,AT5G65790,1000,28.2
arabidopsis,AT5G66400,1000,38.7
arabidopsis,AT5G66880,1000,33.6
arabidopsis,AT5G67030,1000,39.5
arabidopsis,AT5G67300,1000,34.4
pigeon_pea,LOC109799673,1000,22.5
pigeon_pea,LOC109798932,1000,23.3
pigeon_pea,LOC109797904,1000,28.3
pigeon_pea,LOC109815896,1000,23.2
pigeon_pea,LOC109788650,1000,25.4
pigeon_pea,LOC109795005,1000,33.4
pigeon_pea,LOC109816437,1000,30.4
pigeon_pea,LOC109795343,1000,22.9
pigeon_pea,LOC109788420,1000,30.3
pigeon_pea,LOC109798145,1000,21.1
pigeon_pea,LOC109797444,1000,40.3
pigeon_pea,LOC109798150,1000,32.8
pigeon_pea,LOC109797621,1000,25.3
pigeon_pea,LOC109799032,1000,22.0
pigeon_pea,LOC109798713,1000,26.7
pigeon_pea,LOC109799128,1000,23.3
pigeon_pea,LOC109799087,1000,19.8
pigeon_pea,LOC109799003,1000,24.0
pigeon_pea,LOC109798403,1000,17.8
pigeon_pea,LOC109799643,1000,11.6
pigeon_pea,LOC109799852,1000,23.9
pigeon_pea,LOC109802854,1000,23.9
pigeon_pea,LOC109802540,1000,39.8
pigeon_pea,LOC109802842,1000,23.2
pigeon_pea,LOC109802278,1000,26.3
pigeon_pea,LOC109804357,1000,23.1
pigeon_pea,LOC109804328,1000,27.8
pigeon_pea,LOC109806522,1000,30.7
pigeon_pea,LOC109806497,1000,17.8
pigeon_pea,LOC109806723,1000,26.8
pigeon_pea,LOC109806730,1000,20.5
pigeon_pea,LOC109806515,1000,19.2
pigeon_pea,LOC109809564,1000,30.2
pigeon_pea,LOC109809402,1000,21.1
pigeon_pea,LOC109809580,1000,27.0
pigeon_pea,LOC109809501,1000,29.5
pigeon_pea,LOC109810402,1000,29.9
pigeon_pea,LOC109810451,1000,33.3
pigeon_pea,LOC109811278,1000,25.9
pigeon_pea,LOC109811484,1000,25.3
pigeon_pea,LOC109812254,1000,27.2
pigeon_pea,LOC109812745,1000,17.3
pigeon_pea,LOC109813500,1000,24.0
pigeon_pea,LOC109813574,1000,27.2
pigeon_pea,LOC109817032,1000,25.5
pigeon_pea,LOC109817452,1000,35.7
pigeon_pea,LOC109818380,1000,38.9
pigeon_pea,LOC109818753,1000,28.6
pigeon_pea,LOC109819198,1000,19.1
pigeon_pea,LOC109787685,1000,24.1
pigeon_pea,LOC109787830,1000,20.0
pigeon_pea,LOC109788513,1000,21.9
pigeon_pea,LOC109788880,1000,20.4
pigeon_pea,LOC109788973,1000,23.0
pigeon_pea,LOC109789213,1000,15.9
pigeon_pea,LOC109790148,1000,33.2
pigeon_pea,LOC109791443,1000,22.2
pigeon_pea,LOC109791746,1000,32.4
pigeon_pea,LOC109791745,1000,29.9
pigeon_pea,LOC109791744,1000,19.7
sorghum,LOC110430211,1000,45.6
sorghum,LOC8062202,1000,43.1
sorghum,LOC8065192,1000,56.5
sorghum,LOC8083831,1000,39.7
sorghum,LOC8066443,1000,36.0
sorghum,LOC8062797,1000,50.4
sorghum,LOC8081525,1000,57.6
sorghum,LOC8081526,1000,55.7
sorghum,LOC8081529,1000,58.2
sorghum,LOC8054347,1000,37.3
sorghum,LOC8085280,1000,28.2
sorghum,LOC8054215,1000,33.2
sorghum,LOC110432669,1000,43.0
sorghum,LOC8084045,1000,32.8
sorghum,LOC8078754,1000,45.0
sorghum,LOC110433900,1000,44.3
sorghum,LOC8075101,1000,43.2
sorghum,LOC8073311,1000,36.5
sorghum,LOC8073342,1000,38.1
sorghum,LOC8061346,1000,46.4
sorghum,LOC8073343,1000,42.2
sorghum,LOC8061347,1000,38.9
sorghum,LOC8073344,1000,54.7
sorghum,LOC8061349,1000,47.3
sorghum,LOC8085051,1000,39.1
sorghum,LOC8085808,1000,57.4
sorghum,LOC8060357,1000,43.8
sorghum,LOC8079633,1000,48.3
sorghum,LOC110433656,1000,44.4
sorghum,LOC8082452,1000,34.9
sorghum,LOC8082454,1000,42.2
sorghum,LOC8055079,1000,38.2
sorghum,LOC8071650,1000,39.7
sorghum,LOC8073756,1000,54.5
sorghum,LOC8073757,1000,41.0
sorghum,LOC8073840,1000,36.2
sorghum,LOC8076062,1000,44.0
sorghum,LOC8073959,1000,40.9
sorghum,LOC8081950,1000,37.8
sorghum,LOC8056406,1000,39.3
sorghum,LOC8059708,1000,37.0
sorghum,LOC110435735,1000,40.9
sorghum,LOC8076920,1000,34.4
sorghum,LOC8080360,1000,36.6
sorghum,LOC8083362,1000,28.2
sorghum,LOC8064643,1000,38.7
sorghum,LOC8064340,1000,42.6
sorghum,LOC8054817,1000,49.4
sorghum,LOC8081348,1000,37.5
sorghum,LOC8064005,1000,33.5
sorghum,LOC8064006,1000,37.2
sorghum,LOC8064007,1000,41.7
sorghum,LOC8055212,1000,37.8
sorghum,LOC8076271,1000,33.5
sorghum,LOC110429986,1000,41.9
sorghum,LOC8061333,1000,44.5
sorghum,LOC8061805,1000,41.1
sorghum,LOC8066921,1000,46.3
sorghum,LOC8080043,1000,39.3
sorghum,LOC8065486,1000,44.2
sorghum,LOC8065737,1000,36.9
cassava,LOC110629491,1000,16.0
cassava,LOC110619214,1000,21.8
cassava,LOC110620193,1000,18.5
cassava,LOC110627465,1000,21.9
cassava,LOC110621929,1000,44.4
cassava,LOC110620896,1000,16.3
cassava,LOC110622990,1000,38.0
cassava,LOC110619391,1000,37.4
cassava,LOC110609093,1000,29.1
cassava,LOC110608662,1000,32.7
cassava,LOC110603158,1000,14.0
cassava,LOC110608658,1000,22.2
cassava,LOC110605018,1000,33.0
cassava,LOC110607327,1000,33.3
cassava,LOC110609836,1000,34.9
cassava,LOC110610773,1000,32.3
cassava,LOC110610555,1000,27.9
cassava,LOC110613853,1000,23.4
cassava,LOC110614088,1000,28.1
cassava,LOC110613515,1000,35.7
cassava,LOC110613257,1000,18.1
cassava,LOC110613482,1000,25.3
cassava,LOC110612717,1000,31.2
cassava,LOC110615921,1000,29.7
cassava,LOC110614666,1000,35.1
cassava,LOC110614692,1000,24.8
cassava,LOC110614248,1000,35.0
cassava,LOC110614331,1000,29.3
cassava,LOC110617438,1000,20.7
cassava,LOC122723830,1000,38.3
cassava,LOC110617082,1000,38.0
cassava,LOC110619547,1000,23.8
cassava,LOC110618796,1000,27.0
cassava,LOC110618678,1000,24.5
cassava,LOC110619570,1000,29.5
cassava,LOC110619449,1000,31.9
cassava,LOC110619660,1000,28.6
cassava,LOC110619767,1000,24.0
cassava,LOC110619761,1000,23.1
cassava,LOC110620047,1000,32.6
cassava,LOC110607225,1000,22.7
cassava,LOC110621494,1000,18.9
cassava,LOC122724330,1000,30.4
cassava,LOC110620636,1000,30.5
cassava,LOC110620254,1000,38.3
cassava,LOC110621955,1000,23.1
cassava,LOC110623701,1000,25.3
cassava,LOC110622372,1000,24.7
cassava,LOC110621956,1000,29.5
cassava,LOC110625305,1000,25.1
cassava,LOC110623980,1000,21.9
cassava,LOC110625072,1000,11.0
cassava,LOC110625070,1000,19.4
cassava,LOC110624489,1000,38.1
cassava,LOC110625106,1000,30.7
cassava,LOC122724797,1000,20.0
cassava,LOC110624788,1000,22.3
cassava,LOC110624430,1000,27.8
cassava,LOC110625164,1000,26.2
cassava,LOC110624613,1000,19.7
cassava,LOC110625241,1000,19.5
cassava,LOC110625337,1000,17.3
cassava,LOC110626448,1000,30.3
cassava,LOC110626609,1000,32.2
cassava,LOC110627121,1000,20.0
cassava,LOC110617252,1000,33.6
cassava,LOC110626977,1000,31.6
cassava,LOC110628332,1000,41.3
cassava,LOC110627995,1000,41.1
cassava,LOC110629593,1000,17.6
cassava,LOC110631094,1000,21.4
cassava,LOC110630982,1000,26.1
cassava,LOC122721693,1000,24.6
cassava,LOC110631253,1000,24.1
cassava,LOC110631209,1000,26.0
cassava,LOC110631313,1000,24.9
cassava,LOC110630943,1000,24.5
cassava,LOC110599731,1000,40.5
cassava,LOC110599990,1000,23.7
cassava,LOC110601421,1000,16.8
cassava,LOC110601288,1000,14.7
cassava,LOC110603467,1000,13.1
cassava,LOC110603775,1000,20.5
cassava,LOC110604693,1000,25.1
cassava,LOC110605775,1000,38.2
cassava,LOC110607083,1000,32.6
cassava,LOC110606557,1000,32.3
cassava,LOC110606591,1000,25.5
cassava,LOC110607779,1000,15.3
quinoa,LOC110722263,1000,38.5
quinoa,LOC110722270,1000,33.9
quinoa,LOC110684649,1000,33.3
quinoa,LOC110722280,1000,32.1
quinoa,LOC110691321,1000,35.3
quinoa,LOC110733299,1000,27.4
quinoa,LOC110681602,1000,31.9
quinoa,LOC110688229,1000,27.0
quinoa,LOC110710285,1000,46.3
quinoa,LOC110718642,1000,32.5
quinoa,LOC110719034,1000,23.1
quinoa,LOC110719045,1000,24.0
quinoa,LOC110719535,1000,27.5
quinoa,LOC110720285,1000,30.1
quinoa,LOC110721510,1000,29.5
quinoa,LOC110721656,1000,32.6
quinoa,LOC110723360,1000,38.7
quinoa,LOC110724190,1000,42.0
quinoa,LOC110724561,1000,30.5
quinoa,LOC110724529,1000,34.8
quinoa,LOC110724741,1000,30.8
quinoa,LOC110725377,1000,28.1
quinoa,LOC110726418,1000,32.1
quinoa,LOC110727916,1000,30.5
quinoa,LOC110729666,1000,36.4
quinoa,LOC110730487,1000,27.3
quinoa,LOC110731356,1000,32.0
quinoa,LOC110731544,1000,30.1
quinoa,LOC110731832,1000,31.2
quinoa,LOC110733367,1000,27.4
quinoa,LOC110733373,1000,29.6
quinoa,LOC110733380,1000,31.1
quinoa,LOC110733382,1000,26.5
quinoa,LOC110733392,1000,24.7
quinoa,LOC110733411,1000,48.8
quinoa,LOC110733413,1000,29.5
quinoa,LOC110733414,1000,32.5
quinoa,LOC110733264,1000,27.2
quinoa,LOC110733502,1000,31.8
quinoa,LOC110733878,1000,38.5
quinoa,LOC110733880,1000,32.6
quinoa,LOC110735144,1000,30.3
quinoa,LOC110735659,1000,31.6
quinoa,LOC110736029,1000,27.5
quinoa,LOC110735854,1000,28.9
quinoa,LOC110736622,1000,29.8
quinoa,LOC110736030,1000,29.4
quinoa,LOC110737409,1000,44.6
quinoa,LOC110737985,1000,25.3
quinoa,LOC110738450,1000,26.1
quinoa,LOC110738294,1000,28.1
quinoa,LOC110738892,1000,21.5
quinoa,LOC110738938,1000,36.4
quinoa,LOC110739289,1000,43.4
quinoa,LOC110683555,1000,33.6
quinoa,LOC110684456,1000,29.7
quinoa,LOC110684077,1000,31.5
quinoa,LOC110684425,1000,30.7
quinoa,LOC110685726,1000,46.1
quinoa,LOC110686150,1000,32.0
quinoa,LOC110686151,1000,29.9
quinoa,LOC110686322,1000,47.2
quinoa,LOC110686785,1000,33.9
quinoa,LOC110687352,1000,33.4
quinoa,LOC110688044,1000,27.0
quinoa,LOC110688180,1000,34.1
quinoa,LOC110688435,1000,37.2
quinoa,LOC110688438,1000,30.4
quinoa,LOC110689825,1000,30.5
quinoa,LOC110691461,1000,25.9
quinoa,LOC110693669,1000,28.2
quinoa,LOC110693990,1000,25.2
quinoa,LOC110693986,1000,31.8
quinoa,LOC110694768,1000,31.6
quinoa,LOC110697064,1000,34.2
quinoa,LOC110698641,1000,29.0
quinoa,LOC110698656,1000,35.7
quinoa,LOC110699194,1000,31.5
quinoa,LOC110699210,1000,30.4
quinoa,LOC110699212,1000,32.3
quinoa,LOC110699450,1000,26.4
quinoa,LOC110699247,1000,28.6
quinoa,LOC110699249,1000,30.4
quinoa,LOC110699305,1000,28.8
quinoa,LOC110699343,1000,27.8
quinoa,LOC110699499,1000,28.0
quinoa,LOC110699659,1000,23.5
quinoa,LOC110700117,1000,44.0
quinoa,LOC110700545,1000,28.2
quinoa,LOC110701288,1000,30.3
quinoa,LOC110701290,1000,32.1
quinoa,LOC110701522,1000,27.5
quinoa,LOC110701523,1000,29.6
quinoa,LOC110701291,1000,26.7
quinoa,LOC110701292,1000,37.0
quinoa,LOC110702414,1000,28.5
quinoa,LOC110703228,1000,31.7
quinoa,LOC110703245,1000,32.8
quinoa,LOC110703625,1000,32.7
quinoa,LOC110704165,1000,32.0
quinoa,LOC110705394,1000,32.9
quinoa,LOC110705395,1000,25.9
quinoa,LOC110706656,1000,23.0
quinoa,LOC110707244,1000,27.6
quinoa,LOC110709703,1000,35.3
quinoa,LOC110709770,1000,30.1
quinoa,LOC110710159,1000,32.5
quinoa,LOC110710374,1000,39.7
quinoa,LOC110710728,1000,28.9
quinoa,LOC110710880,1000,36.7
quinoa,LOC110712573,1000,27.0
quinoa,LOC110714451,1000,28.8
quinoa,LOC110714036,1000,35.0
